Date,Game,Player,Team,Pos,Opp,Opp_Goalie,Opp_SV,Opp_GAA,Goalie_Weak,iXG%,iXA%,Med10_SOG,Trim10_SOG,Avg5_SOG,L10_P,L10_G,L10_S,L5_G,L5_A,i5v5_points60,i5v5_shotAssists60,i5v5_iCF60,i5v5_oiGF60,opp_5v5_xGA60,opp_5v5_HDCA60,opp_5v5_SlotSA60,Opp_DefWeak,v2_player_stability,v2_defense_vulnerability,Exp_P_10,Exp_G_10,Exp_S_10,Reg_Gap_P10,Reg_Gap_G10,Reg_Gap_S10,Reg_Heat_P,Reg_Heat_G,Reg_Heat_S,Matrix_Points,Matrix_SOG,Matrix_Goal,Conf_Points,Conf_SOG,Conf_Goal,Best_Market,Best_Conf,Line,Odds,Result
2026-01-05,ANA@WSH,Tom Wilson,WSH,R,ANA,Lukas Dostal,0.8865248226950354,3.224325746464997,74.8,98.3,91.4,3.5,2.875,2.6,10.0,5.0,29.0,5.0,3.0,2.622154779969651,,,3.496206373292868,,,,50.0,74.2,50.0,9.11,4.23,28.75,-0.89,-0.77,-0.25,COOL,COOL,COOL,Green,Green,Yellow,74,84,91,GOAL,91,,,
2026-01-05,DET@OTT,Alex DeBrincat,DET,R,OTT,Linus Ullmark,0.8806404657933042,2.95344718912267,75.3,99.5,91.4,3.0,3.25,2.2,5.0,4.0,34.0,2.0,0.0,2.3370685032035903,,,3.1499618956222304,,,,50.0,71.1,50.0,9.25,4.6,32.5,4.25,0.6,-1.5,HOT,COOL,COOL,Green,Yellow,Yellow,83,82,80,POINTS,83,,,
2026-01-05,ANA@WSH,Aliaksei Protas,WSH,C,ANA,Lukas Dostal,0.8865248226950354,3.224325746464997,74.8,90.6,82.5,2.0,2.125,2.6,11.0,6.0,23.0,4.0,5.0,2.2643986216704044,,,3.7411803314554506,,,,50.0,72.6,50.0,6.61,2.96,21.25,-4.39,-3.04,-1.75,COOL,COOL,COOL,Green,Red,Yellow,69,72,83,GOAL,83,,,
2026-01-05,ANA@WSH,Alex Ovechkin,WSH,L,ANA,Lukas Dostal,0.8865248226950354,3.224325746464997,74.8,97.6,89.9,2.5,2.75,3.0,3.0,1.0,27.0,1.0,2.0,2.4489038681549737,,,3.2281005534770104,,,,50.0,72.4,50.0,8.49,3.97,27.5,5.49,2.97,0.5,HOT,HOT,COOL,Green,Red,Yellow,83,79,75,POINTS,83,,,
2026-01-05,UTA@NYR,Artemi Panarin,NYR,L,UTA,Karel Vejmelka,0.8937823834196891,2.7237246380823206,50.8,90.0,97.6,4.5,4.625,3.4,12.0,6.0,46.0,3.0,5.0,2.2457352623623406,,,3.109479594040164,,,,50.0,70.7,50.0,9.45,2.78,46.25,-2.55,-3.22,0.25,COOL,COOL,COOL,Green,Green,Green,75,82,76,SOG,82,,,
2026-01-05,MIN@LAK,Matt Boldy,MIN,L,LAK,Darcy Kuemper,0.9107981220657277,2.3303087772692685,16.3,98.6,93.6,3.5,3.375,3.8,11.0,8.0,33.0,4.0,1.0,2.5018041857108493,,,3.367813326918451,,,,50.0,73.0,50.0,9.27,4.16,33.75,-1.73,-3.84,0.75,COOL,COOL,COOL,Green,Green,Yellow,72,78,82,GOAL,82,,,
2026-01-05,ANA@WSH,Troy Terry,ANA,R,WSH,Logan Thompson,0.9145299145299145,2.373216556010736,12.4,92.0,97.1,2.5,2.375,2.4,6.0,4.0,25.0,3.0,1.0,2.4032771961766044,,,3.277196176604461,,,,50.0,72.2,50.0,9.5,3.16,23.75,3.5,-0.84,-1.25,HOT,COOL,COOL,Green,Red,Yellow,82,69,73,POINTS,82,,,
2026-01-05,ANA@WSH,Leo Carlsson,ANA,C,WSH,Logan Thompson,0.9145299145299145,2.373216556010736,12.4,89.6,96.3,3.0,2.125,2.6,4.0,1.0,21.0,0.0,1.0,1.8277932084938626,,,2.795448436520025,,,,50.0,66.0,50.0,9.13,2.88,21.25,5.13,1.88,0.25,HOT,WARM,COOL,Green,Yellow,Yellow,82,70,60,POINTS,82,,,
2026-01-05,ANA@WSH,Jakob Chychrun,WSH,D,ANA,Lukas Dostal,0.8865248226950354,3.224325746464997,74.8,90.4,85.1,3.5,3.375,3.2,5.0,3.0,36.0,1.0,2.0,1.5908756128869341,,,3.560531133604091,,,,50.0,67.4,50.0,6.69,2.88,33.75,1.69,-0.12,-2.25,WARM,COOL,COOL,Green,Green,Green,73,80,71,SOG,80,,,
2026-01-05,UTA@NYR,Mika Zibanejad,NYR,C,UTA,Karel Vejmelka,0.8937823834196891,2.7237246380823206,50.8,97.4,91.4,1.5,1.375,1.4,11.0,4.0,17.0,3.0,5.0,1.4388872605185323,,,1.822590529990141,,,,50.0,55.0,50.0,8.69,3.93,13.75,-2.31,-0.07,-3.25,COOL,COOL,COOL,Green,Red,Yellow,69,71,80,GOAL,80,,,
2026-01-05,ANA@WSH,John Carlson,WSH,D,ANA,Lukas Dostal,0.8865248226950354,3.224325746464997,74.8,70.1,92.7,1.0,1.375,1.6,5.0,2.0,16.0,0.0,0.0,1.7359622803257608,,,3.568366909558508,,,,50.0,68.9,50.0,7.23,1.7,13.75,2.23,-0.3,-2.25,HOT,COOL,COOL,Green,Red,Red,79,56,55,POINTS,79,,,
2026-01-05,UTA@NYR,Dylan Guenther,UTA,R,NYR,Igor Shesterkin,0.9123931623931624,2.46864024084295,18.0,94.4,85.1,3.5,3.5,4.0,11.0,7.0,34.0,4.0,4.0,2.4627631456201997,,,3.0224820423520633,,,,50.0,71.7,50.0,7.23,3.42,35.0,-3.77,-3.58,1.0,COOL,COOL,WARM,Green,Green,Yellow,67,76,79,GOAL,79,,,
2026-01-05,MIN@LAK,Kirill Kaprizov,MIN,L,LAK,Darcy Kuemper,0.9107981220657277,2.3303087772692685,16.3,99.4,96.3,3.5,3.875,3.4,12.0,4.0,40.0,2.0,4.0,1.7950228910747472,,,2.8557182358007345,,,,50.0,66.1,50.0,10.4,4.58,38.75,-1.6,0.58,-1.25,COOL,COOL,COOL,Green,Green,Yellow,72,79,74,SOG,79,,,
2026-01-05,ANA@WSH,Cutter Gauthier,ANA,L,WSH,Logan Thompson,0.9145299145299145,2.373216556010736,12.4,92.4,89.9,3.0,3.5,5.0,4.0,3.0,38.0,1.0,1.0,2.605448281851605,,,3.4391917320441188,,,,50.0,73.9,50.0,7.83,3.19,35.0,3.83,0.19,-3.0,HOT,COOL,COOL,Green,Yellow,Yellow,79,72,66,POINTS,79,,,
2026-01-05,DET@OTT,Tim Sttzle,OTT,C,DET,John Gibson,0.8950617283950617,2.93398533007335,54.9,95.8,95.3,3.0,2.75,2.4,15.0,5.0,29.0,2.0,3.0,2.4220441116246416,,,3.369800503129936,,,,50.0,72.7,50.0,9.82,3.82,27.5,-5.18,-1.18,-1.5,COOL,COOL,COOL,Green,Yellow,Yellow,75,78,76,SOG,78,,,
2026-01-05,DET@OTT,Brady Tkachuk,OTT,L,DET,John Gibson,0.8950617283950617,2.93398533007335,54.9,86.3,76.5,4.0,4.125,3.4,10.0,5.0,45.0,0.0,3.0,2.5210084033613445,,,2.750190985485103,,,,50.0,69.5,50.0,11.62,5.12,41.25,1.62,0.12,-3.75,WARM,COOL,COOL,Yellow,Green,Green,68,78,62,SOG,78,,,
2026-01-05,SEA@CGY,Nazem Kadri,CGY,C,SEA,Joey Daccord,0.9019033674963397,2.7729237560930744,41.0,88.0,95.3,2.0,2.0,1.8,6.0,2.0,21.0,0.0,1.0,1.7787049490818259,,,2.2727896571601107,,,,50.0,61.2,50.0,8.55,2.7,20.0,2.55,0.7,-1.0,HOT,COOL,COOL,Green,Red,Yellow,78,67,62,POINTS,78,,,
2026-01-05,DET@OTT,Dylan Larkin,DET,C,OTT,Linus Ullmark,0.8806404657933042,2.95344718912267,75.3,99.2,86.9,2.0,2.0,1.2,5.0,4.0,19.0,1.0,1.0,1.7129262490087231,,,2.4742268041237114,,,,50.0,61.8,50.0,8.41,4.45,20.0,3.41,0.45,1.0,HOT,COOL,WARM,Green,Red,Yellow,77,77,76,POINTS,77,,,
2026-01-05,DET@OTT,Lucas Raymond,DET,L,OTT,Linus Ullmark,0.8806404657933042,2.95344718912267,75.3,84.0,98.9,1.5,1.625,1.6,10.0,1.0,18.0,0.0,3.0,2.042842956447723,,,2.3492693999148817,,,,50.0,63.7,50.0,10.41,2.36,16.25,0.41,1.36,-1.75,COOL,WARM,COOL,Green,Red,Red,77,66,63,POINTS,77,,,
2026-01-05,SEA@CGY,Jordan Eberle,SEA,R,CGY,Dustin Wolf,0.900355871886121,2.8630941109638326,45.7,97.0,76.5,2.0,2.125,2.2,9.0,5.0,24.0,2.0,3.0,1.2100162455884824,,,2.0166937426474707,,,,50.0,53.5,50.0,7.51,4.17,21.25,-1.49,-0.83,-2.75,COOL,COOL,COOL,Yellow,Red,Yellow,60,73,76,GOAL,76,,,
2026-01-05,ANA@WSH,Connor McMichael,WSH,C,ANA,Lukas Dostal,0.8865248226950354,3.224325746464997,74.8,86.9,85.1,1.5,1.5,1.4,4.0,0.0,16.0,0.0,2.0,1.9907834101382489,,,2.8755760368663594,,,,50.0,67.5,50.0,6.31,2.5,15.0,2.31,2.5,-1.0,HOT,HOT,COOL,Green,Red,Yellow,75,68,65,POINTS,75,,,
2026-01-05,ANA@WSH,Dylan Strome,WSH,C,ANA,Lukas Dostal,0.8865248226950354,3.224325746464997,74.8,82.9,94.4,2.0,2.375,2.6,10.0,4.0,23.0,3.0,3.0,2.0921717905503576,,,3.6613006334631253,,,,50.0,71.8,50.0,8.05,2.3,23.75,-1.95,-1.7,0.75,COOL,COOL,COOL,Green,Red,Red,75,68,74,POINTS,75,,,
2026-01-05,DET@OTT,Jake Sanderson,OTT,D,DET,John Gibson,0.8950617283950617,2.93398533007335,54.9,65.5,92.7,1.5,1.375,1.2,5.0,2.0,13.0,1.0,2.0,1.3624107100619707,,,2.980273428260561,,,,50.0,62.5,50.0,6.62,1.37,13.75,1.62,-0.63,0.75,WARM,COOL,COOL,Green,Red,Red,75,54,54,POINTS,75,,,
2026-01-05,UTA@NYR,J.T. Miller,NYR,C,UTA,Karel Vejmelka,0.8937823834196891,2.7237246380823206,50.8,88.4,73.6,3.0,2.625,2.8,8.0,3.0,25.0,3.0,1.0,1.3651877133105803,,,1.9340159271899886,,,,50.0,54.5,50.0,6.61,3.18,26.25,-1.39,0.18,1.25,COOL,COOL,WARM,Yellow,Yellow,Yellow,59,74,75,GOAL,75,,,
2026-01-05,DET@OTT,Patrick Kane,DET,R,OTT,Linus Ullmark,0.8806404657933042,2.95344718912267,75.3,72.4,88.4,3.0,2.625,2.8,8.0,3.0,26.0,1.0,2.0,2.1109607577807847,,,3.085250338294993,,,,50.0,70.2,50.0,8.95,2.52,26.25,0.95,-0.48,0.25,COOL,COOL,COOL,Green,Red,Red,74,67,60,POINTS,74,,,
2026-01-05,DET@OTT,James van Riemsdyk,DET,L,OTT,Linus Ullmark,0.8806404657933042,2.95344718912267,75.3,88.7,26.3,1.0,1.5,1.0,4.0,3.0,18.0,2.0,1.0,1.2178031218286378,,,1.5657468709225342,,,,50.0,49.6,50.0,3.88,3.29,15.0,-0.12,0.29,-3.0,COOL,COOL,COOL,Red,Red,Yellow,33,66,74,GOAL,74,,,
2026-01-05,SEA@CGY,Blake Coleman,CGY,L,SEA,Joey Daccord,0.9019033674963397,2.7729237560930744,41.0,89.0,59.1,2.5,2.5,2.6,8.0,5.0,25.0,3.0,1.0,1.777997283615261,,,2.7781207556488456,,,,50.0,64.7,50.0,4.69,2.74,25.0,-3.31,-2.26,0.0,COOL,COOL,COOL,Red,Red,Yellow,52,71,74,GOAL,74,,,
2026-01-05,ANA@WSH,Beckett Sennecke,ANA,R,WSH,Logan Thompson,0.9145299145299145,2.373216556010736,12.4,90.5,88.4,1.5,1.875,2.6,5.0,3.0,21.0,2.0,1.0,2.3796522488863343,,,2.896967955165972,,,,50.0,69.7,50.0,7.34,2.95,18.75,2.34,-0.05,-2.25,HOT,COOL,COOL,Green,Red,Yellow,74,64,69,POINTS,74,,,
2026-01-05,DET@OTT,Moritz Seider,DET,D,OTT,Linus Ullmark,0.8806404657933042,2.95344718912267,75.3,51.1,95.3,2.0,2.0,1.8,9.0,3.0,20.0,1.0,1.0,1.0038640799904395,,,3.011592239971318,,,,50.0,58.0,50.0,6.4,0.82,20.0,-2.6,-2.18,0.0,COOL,COOL,COOL,Green,Red,Red,73,51,47,POINTS,73,,,
2026-01-05,DET@OTT,Emmitt Finnie,DET,C,OTT,Linus Ullmark,0.8806404657933042,2.95344718912267,75.3,91.6,67.5,2.0,1.75,1.6,4.0,2.0,20.0,0.0,0.0,0.8901098901098901,,,2.1758241758241756,,,,50.0,48.6,50.0,5.22,2.9,17.5,1.22,0.9,-2.5,WARM,COOL,COOL,Red,Red,Yellow,59,73,67,SOG,73,,,
2026-01-05,DET@OTT,Drake Batherson,OTT,R,DET,John Gibson,0.8950617283950617,2.93398533007335,54.9,89.3,93.6,1.0,1.75,2.6,9.0,3.0,19.0,2.0,1.0,2.409101048405086,,,2.867977438577483,,,,50.0,69.8,50.0,9.05,3.1,17.5,0.05,0.1,-1.5,COOL,COOL,COOL,Green,Red,Yellow,73,65,72,POINTS,73,,,
2026-01-05,DET@OTT,Dylan Cozens,OTT,C,DET,John Gibson,0.8950617283950617,2.93398533007335,54.9,90.8,89.9,2.5,2.75,2.2,8.0,2.0,27.0,0.0,3.0,1.3353941267387945,,,2.003091190108192,,,,50.0,54.6,50.0,7.78,3.03,27.5,-0.22,1.03,0.5,COOL,WARM,COOL,Yellow,Red,Yellow,68,73,65,SOG,73,,,
2026-01-05,UTA@NYR,Adam Fox,NYR,D,UTA,Karel Vejmelka,0.8937823834196891,2.7237246380823206,50.8,53.8,95.3,1.0,1.125,0.8,12.0,1.0,13.0,1.0,6.0,1.5299153082597214,,,2.841271286768054,,,,50.0,63.6,50.0,9.58,1.31,11.25,-2.42,0.31,-1.75,COOL,COOL,COOL,Green,Red,Red,73,45,46,POINTS,73,,,
2026-01-05,UTA@NYR,Clayton Keller,UTA,R,NYR,Igor Shesterkin,0.9123931623931624,2.46864024084295,18.0,94.5,94.4,2.5,2.75,3.0,8.0,3.0,28.0,2.0,4.0,1.5328117515567619,,,2.8740220341689287,,,,50.0,64.0,50.0,8.92,3.44,27.5,0.92,0.44,-0.5,COOL,COOL,COOL,Green,Red,Yellow,73,71,71,POINTS,73,,,
2026-01-05,MIN@LAK,Adrian Kempe,LAK,R,MIN,Filip Gustavsson,0.9122085048010974,2.4518202424152133,17.8,91.4,89.9,2.0,2.25,3.0,6.0,4.0,24.0,1.0,2.0,1.8580112398210804,,,2.4773483197614405,,,,50.0,63.8,50.0,7.84,3.08,22.5,1.84,-0.92,-1.5,WARM,COOL,COOL,Green,Red,Yellow,73,67,66,POINTS,73,,,
2026-01-05,MIN@LAK,Kevin Fiala,LAK,L,MIN,Filip Gustavsson,0.9122085048010974,2.4518202424152133,17.8,92.6,79.6,3.0,2.375,2.6,6.0,3.0,23.0,2.0,3.0,1.3166408777605851,,,1.7217611478407653,,,,50.0,51.7,50.0,6.78,3.28,23.75,0.78,0.28,0.75,COOL,COOL,COOL,Yellow,Yellow,Yellow,62,73,70,SOG,73,,,
2026-01-05,ANA@WSH,Mason McTavish,ANA,C,WSH,Logan Thompson,0.9145299145299145,2.373216556010736,12.4,94.0,85.1,3.0,2.875,3.6,6.0,3.0,29.0,2.0,2.0,1.8269202065733305,,,3.0090450461207796,,,,50.0,68.0,50.0,7.37,3.47,28.75,1.37,0.47,-0.25,WARM,COOL,COOL,Green,Yellow,Yellow,69,73,71,SOG,73,,,
2026-01-05,DET@OTT,Andrew Copp,DET,C,OTT,Linus Ullmark,0.8806404657933042,2.95344718912267,75.3,85.2,86.9,1.5,1.75,2.4,6.0,2.0,19.0,2.0,0.0,1.6071428571428572,,,2.5255102040816326,,,,50.0,61.6,50.0,6.26,2.3,17.5,0.26,0.3,-1.5,COOL,COOL,COOL,Green,Red,Yellow,70,67,72,GOAL,72,,,
2026-01-05,ANA@WSH,Anthony Beauvillier,WSH,L,ANA,Lukas Dostal,0.8865248226950354,3.224325746464997,74.8,86.7,48.7,2.0,2.125,2.0,3.0,2.0,22.0,2.0,1.0,1.2374677742767115,,,2.8874248066456603,,,,50.0,60.6,50.0,3.89,2.46,21.25,0.89,0.46,-0.75,COOL,COOL,COOL,Red,Red,Yellow,50,70,72,GOAL,72,,,
2026-01-05,DET@OTT,Claude Giroux,OTT,R,DET,John Gibson,0.8950617283950617,2.93398533007335,54.9,72.0,91.4,2.0,2.0,2.0,9.0,3.0,20.0,1.0,3.0,2.062133566951951,,,3.517757261270975,,,,50.0,71.1,50.0,6.75,1.75,20.0,-2.25,-1.25,0.0,COOL,COOL,COOL,Green,Red,Red,72,60,58,POINTS,72,,,
2026-01-05,UTA@NYR,John Marino,UTA,D,NYR,Igor Shesterkin,0.9123931623931624,2.46864024084295,18.0,46.2,82.5,0.5,0.5,0.2,1.0,0.0,5.0,0.0,0.0,1.1242220784724855,,,3.6135709665187035,,,,50.0,62.0,50.0,4.28,0.71,5.0,3.28,0.71,0.0,HOT,COOL,COOL,Green,Red,Red,72,35,35,POINTS,72,,,
2026-01-05,UTA@NYR,Nick Schmaltz,UTA,C,NYR,Igor Shesterkin,0.9123931623931624,2.46864024084295,18.0,89.8,93.6,2.0,2.625,3.2,10.0,3.0,29.0,2.0,3.0,2.399133646183323,,,2.8989531558048482,,,,50.0,70.0,50.0,7.99,2.75,26.25,-2.01,-0.25,-2.75,COOL,COOL,COOL,Green,Red,Yellow,71,66,69,POINTS,71,,,
2026-01-05,MIN@LAK,Quinton Byfield,LAK,R,MIN,Filip Gustavsson,0.9122085048010974,2.4518202424152133,17.8,89.2,86.9,2.5,2.25,2.4,4.0,2.0,22.0,2.0,2.0,0.9612246714332334,,,1.8156466015961077,,,,50.0,47.9,50.0,7.26,2.9,22.5,3.26,0.9,0.5,HOT,COOL,COOL,Yellow,Red,Yellow,71,68,68,POINTS,71,,,
2026-01-05,MIN@LAK,Quinn Hughes,MIN,D,LAK,Darcy Kuemper,0.9107981220657277,2.3303087772692685,16.3,66.6,98.7,2.0,1.75,1.8,11.0,0.0,18.0,0.0,8.0,0.9920929345176266,,,2.8999639624361393,,,,50.0,56.4,50.0,10.19,1.54,17.5,-0.81,1.54,-0.5,COOL,WARM,COOL,Green,Red,Red,71,53,47,POINTS,71,,,
2026-01-05,SEA@CGY,Mikael Backlund,CGY,C,SEA,Joey Daccord,0.9019033674963397,2.7729237560930744,41.0,83.2,85.1,3.0,3.25,3.0,10.0,5.0,33.0,1.0,4.0,2.077385652675697,,,2.842738261556217,,,,50.0,67.8,50.0,6.18,2.28,32.5,-3.82,-2.72,-0.5,COOL,COOL,COOL,Green,Yellow,Red,67,70,63,SOG,70,,,
2026-01-05,MIN@LAK,Marcus Johansson,MIN,L,LAK,Darcy Kuemper,0.9107981220657277,2.3303087772692685,16.3,71.5,91.4,1.0,1.5,1.4,9.0,1.0,15.0,1.0,3.0,2.0905284391332253,,,3.1908065649928177,,,,50.0,70.3,50.0,6.55,1.68,15.0,-2.45,0.68,0.0,COOL,COOL,COOL,Green,Red,Red,70,51,54,POINTS,70,,,
2026-01-05,MIN@LAK,Joel Eriksson Ek,MIN,C,LAK,Darcy Kuemper,0.9107981220657277,2.3303087772692685,16.3,92.4,92.7,2.5,2.625,2.8,9.0,4.0,27.0,2.0,3.0,1.7357762777242045,,,3.165239094673549,,,,50.0,67.5,50.0,7.93,3.04,26.25,-1.07,-0.96,-0.75,COOL,COOL,COOL,Green,Red,Yellow,70,70,70,POINTS,70,,,
2026-01-05,UTA@NYR,Will Cuylle,NYR,L,UTA,Karel Vejmelka,0.8937823834196891,2.7237246380823206,50.8,91.2,76.5,1.0,1.375,2.0,5.0,1.0,15.0,1.0,2.0,1.1547882888137175,,,1.5747113029277966,,,,50.0,48.9,50.0,5.89,2.86,13.75,0.89,1.86,-1.25,COOL,WARM,COOL,Yellow,Red,Yellow,62,65,69,GOAL,69,,,
2026-01-05,SEA@CGY,Matty Beniers,SEA,C,CGY,Dustin Wolf,0.900355871886121,2.8630941109638326,45.7,85.5,86.9,2.5,2.25,1.8,6.0,2.0,22.0,2.0,2.0,1.3961992354147044,,,1.8948418194913845,,,,50.0,54.9,50.0,6.91,2.55,22.5,0.91,0.55,0.5,COOL,COOL,COOL,Yellow,Red,Yellow,68,69,69,SOG,69,,,
2026-01-05,SEA@CGY,Rasmus Andersson,CGY,D,SEA,Joey Daccord,0.9019033674963397,2.7729237560930744,41.0,73.5,88.4,2.5,2.5,1.8,6.0,2.0,26.0,2.0,0.0,1.4054426455390976,,,2.97623148467103,,,,50.0,63.3,50.0,6.18,1.79,25.0,0.18,-0.21,-1.0,COOL,COOL,COOL,Green,Red,Red,69,62,61,POINTS,69,,,
2026-01-05,ANA@WSH,Ryan Leonard,WSH,R,ANA,Lukas Dostal,0.8865248226950354,3.224325746464997,74.8,78.6,82.5,2.0,2.0,1.8,11.0,3.0,22.0,1.0,2.0,2.363367799113737,,,2.806499261447563,,,,50.0,68.6,50.0,6.67,2.38,20.0,-4.33,-0.62,-2.0,COOL,COOL,COOL,Green,Red,Red,68,66,64,POINTS,68,,,
2026-01-05,UTA@NYR,Mikhail Sergachev,UTA,D,NYR,Igor Shesterkin,0.9123931623931624,2.46864024084295,18.0,57.4,94.4,2.0,1.875,2.0,9.0,2.0,19.0,2.0,4.0,1.0733698768376871,,,2.0641728400724753,,,,50.0,51.9,50.0,6.5,1.03,18.75,-2.5,-0.97,-0.25,COOL,COOL,COOL,Yellow,Red,Red,68,48,49,POINTS,68,,,
2026-01-05,MIN@LAK,Alex Laferriere,LAK,R,MIN,Filip Gustavsson,0.9122085048010974,2.4518202424152133,17.8,82.7,63.7,2.5,2.75,4.0,6.0,3.0,32.0,3.0,1.0,1.8132023798281236,,,2.2665029747851544,,,,50.0,61.6,50.0,4.54,2.29,27.5,-1.46,-0.71,-4.5,COOL,COOL,COOL,Red,Red,Red,53,65,68,GOAL,68,,,
2026-01-05,UTA@NYR,Alexis Lafrenire,NYR,L,UTA,Karel Vejmelka,0.8937823834196891,2.7237246380823206,50.8,85.8,82.5,2.0,1.5,2.8,6.0,1.0,18.0,1.0,4.0,1.419819630321037,,,2.5556753345778667,,,,50.0,59.8,50.0,5.83,2.34,15.0,-0.17,1.34,-3.0,COOL,WARM,COOL,Green,Red,Yellow,65,67,66,SOG,67,,,
2026-01-05,UTA@NYR,Vincent Trocheck,NYR,C,UTA,Karel Vejmelka,0.8937823834196891,2.7237246380823206,50.8,73.1,82.5,2.0,2.25,1.8,9.0,4.0,22.0,3.0,4.0,1.9949019173223983,,,2.925856145406184,,,,50.0,68.3,50.0,7.67,2.5,22.5,-1.33,-1.5,0.5,COOL,COOL,COOL,Green,Red,Red,67,60,66,POINTS,67,,,
2026-01-05,SEA@CGY,Yegor Sharangovich,CGY,C,SEA,Joey Daccord,0.9019033674963397,2.7729237560930744,41.0,78.9,43.0,3.0,2.5,2.6,2.0,2.0,25.0,2.0,0.0,1.2914334911752046,,,2.324580284115368,,,,50.0,56.3,50.0,3.62,2.26,25.0,1.62,0.26,0.0,WARM,COOL,COOL,Red,Yellow,Red,46,67,64,SOG,67,,,
2026-01-05,MIN@LAK,Anze Kopitar,LAK,C,MIN,Filip Gustavsson,0.9122085048010974,2.4518202424152133,17.8,75.5,82.5,0.0,0.25,1.0,5.0,0.0,5.0,0.0,4.0,1.4527845036319613,,,2.7845036319612593,,,,50.0,61.8,50.0,6.33,2.17,2.5,1.33,2.17,-2.5,WARM,HOT,COOL,Green,Red,Red,67,48,52,POINTS,67,,,
2026-01-05,MIN@LAK,Corey Perry,LAK,R,MIN,Filip Gustavsson,0.9122085048010974,2.4518202424152133,17.8,87.0,73.6,1.0,1.375,1.6,7.0,2.0,15.0,2.0,4.0,1.7109452972767454,,,2.7375124756427924,,,,50.0,63.8,50.0,6.62,3.09,13.75,-0.38,1.09,-1.25,COOL,WARM,COOL,Yellow,Red,Yellow,59,60,67,GOAL,67,,,
2026-01-05,DET@OTT,Ridly Greig,OTT,C,DET,John Gibson,0.8950617283950617,2.93398533007335,54.9,72.7,67.5,2.0,1.75,2.2,6.0,3.0,18.0,3.0,1.0,1.5970425138632163,,,2.3955637707948245,,,,50.0,60.7,50.0,4.89,2.03,17.5,-1.11,-0.97,-0.5,COOL,COOL,COOL,Red,Red,Red,57,60,66,GOAL,66,,,
2026-01-05,DET@OTT,Fabian Zetterlund,OTT,L,DET,John Gibson,0.8950617283950617,2.93398533007335,54.9,81.9,59.1,2.0,2.25,1.6,8.0,4.0,25.0,1.0,1.0,1.5128495231937935,,,2.5602068854048814,,,,50.0,61.0,50.0,4.25,2.25,22.5,-3.75,-1.75,-2.5,COOL,COOL,COOL,Red,Red,Red,52,66,64,SOG,66,,,
2026-01-05,SEA@CGY,Eeli Tolvanen,SEA,R,CGY,Dustin Wolf,0.900355871886121,2.8630941109638326,45.7,79.8,88.4,2.0,1.875,3.0,10.0,3.0,22.0,2.0,3.0,1.187178472497032,,,1.8994855559952513,,,,50.0,52.5,50.0,6.81,2.2,18.75,-3.19,-0.8,-3.25,COOL,COOL,COOL,Yellow,Red,Red,66,63,65,POINTS,66,,,
2026-01-05,SEA@CGY,Vince Dunn,SEA,D,CGY,Dustin Wolf,0.900355871886121,2.8630941109638326,45.7,54.6,82.5,1.0,1.75,1.0,3.0,0.0,20.0,0.0,1.0,0.5917993518388052,,,1.6908552909680146,,,,50.0,40.1,50.0,4.96,1.01,17.5,1.96,1.01,-2.5,WARM,WARM,COOL,Yellow,Red,Red,66,45,42,POINTS,66,,,
2026-01-05,MIN@LAK,Mats Zuccarello,MIN,R,LAK,Darcy Kuemper,0.9107981220657277,2.3303087772692685,16.3,58.9,82.5,1.5,1.625,2.2,9.0,3.0,16.0,2.0,3.0,2.6126172826706755,,,2.9858483230522004,,,,50.0,72.3,50.0,8.45,1.93,16.25,-0.55,-1.07,0.25,COOL,COOL,COOL,Green,Red,Red,66,47,50,POINTS,66,,,
2026-01-05,ANA@WSH,Jackson LaCombe,ANA,D,WSH,Logan Thompson,0.9145299145299145,2.373216556010736,12.4,69.5,86.9,1.5,1.875,1.8,5.0,2.0,20.0,0.0,2.0,0.9982899662614965,,,2.5789157461755328,,,,50.0,53.9,50.0,5.69,1.55,18.75,0.69,-0.45,-1.25,COOL,COOL,COOL,Yellow,Red,Red,66,52,48,POINTS,66,,,
2026-01-05,DET@OTT,Shane Pinto,OTT,C,DET,John Gibson,0.8950617283950617,2.93398533007335,54.9,86.3,63.7,1.5,1.625,1.4,5.0,2.0,17.0,0.0,3.0,2.520696898554306,,,3.855183491906586,,,,50.0,74.2,50.0,6.41,3.41,16.25,1.41,1.41,-0.75,WARM,WARM,COOL,Red,Red,Yellow,61,65,62,SOG,65,,,
2026-01-05,SEA@CGY,Jonathan Huberdeau,CGY,L,SEA,Joey Daccord,0.9019033674963397,2.7729237560930744,41.0,87.2,76.5,1.0,1.25,1.0,6.0,2.0,13.0,1.0,1.0,1.7266187050359711,,,2.4665981500513876,,,,50.0,61.8,50.0,6.54,2.93,12.5,0.54,0.93,-0.5,COOL,COOL,COOL,Yellow,Red,Yellow,63,62,65,GOAL,65,,,
2026-01-05,SEA@CGY,Morgan Frost,CGY,C,SEA,Joey Daccord,0.9019033674963397,2.7729237560930744,41.0,83.1,70.9,2.0,2.0,2.2,2.0,1.0,21.0,0.0,0.0,1.3434658705387434,,,2.564798480119419,,,,50.0,58.6,50.0,4.95,2.27,20.0,2.95,1.27,-1.0,HOT,WARM,COOL,Yellow,Red,Red,65,65,59,POINTS,65,,,
2026-01-05,ANA@WSH,Justin Sourdif,WSH,R,ANA,Lukas Dostal,0.8865248226950354,3.224325746464997,74.8,72.1,59.1,1.0,1.125,1.8,6.0,2.0,13.0,2.0,2.0,1.2175249807840123,,,2.5457340507302075,,,,50.0,57.1,50.0,3.66,1.71,11.25,-2.34,-0.29,-1.75,COOL,COOL,COOL,Red,Red,Red,53,57,64,GOAL,64,,,
2026-01-05,SEA@CGY,Joel Farabee,CGY,L,SEA,Joey Daccord,0.9019033674963397,2.7729237560930744,41.0,85.7,63.7,1.5,1.75,1.6,3.0,2.0,18.0,0.0,0.0,1.2354537796774092,,,1.7970236795307772,,,,50.0,52.2,50.0,4.63,2.44,17.5,1.63,0.44,-0.5,WARM,COOL,COOL,Red,Red,Yellow,57,64,60,SOG,64,,,
2026-01-05,UTA@NYR,JJ Peterka,UTA,R,NYR,Igor Shesterkin,0.9123931623931624,2.46864024084295,18.0,75.3,79.6,2.0,2.125,1.8,6.0,3.0,25.0,2.0,1.0,2.6005779062013783,,,3.4007557234941097,,,,50.0,73.7,50.0,5.19,1.85,21.25,-0.81,-1.15,-3.75,COOL,COOL,COOL,Yellow,Red,Red,64,58,60,POINTS,64,,,
2026-01-05,DET@OTT,Marco Kasper,DET,C,OTT,Linus Ullmark,0.8806404657933042,2.95344718912267,75.3,67.8,31.4,,,,,,,,,0.4883011190233978,,,1.2207527975584944,,,,50.0,36.9,50.0,2.16,1.45,,,,,COOL,COOL,COOL,Red,Red,Red,38,62,63,GOAL,63,,,
2026-01-05,DET@OTT,David Perron,OTT,L,DET,John Gibson,0.8950617283950617,2.93398533007335,54.9,67.0,76.5,2.0,1.75,2.2,6.0,4.0,19.0,1.0,0.0,1.8259546409680458,,,2.608506629954351,,,,50.0,64.6,50.0,4.72,1.47,17.5,-1.28,-2.53,-1.5,COOL,COOL,COOL,Yellow,Red,Red,63,57,55,POINTS,63,,,
2026-01-05,DET@OTT,Jordan Spence,OTT,D,DET,John Gibson,0.8950617283950617,2.93398533007335,54.9,42.6,70.9,1.0,1.0,1.2,3.0,1.0,11.0,1.0,1.0,1.4267785190567408,,,3.210251667877667,,,,50.0,64.8,50.0,4.42,0.87,10.0,1.42,-0.13,-1.0,WARM,COOL,COOL,Yellow,Red,Red,63,39,40,POINTS,63,,,
2026-01-05,SEA@CGY,Connor Zary,CGY,C,SEA,Joey Daccord,0.9019033674963397,2.7729237560930744,41.0,76.1,54.0,1.0,0.875,0.6,7.0,2.0,9.0,2.0,1.0,1.1655514785236347,,,1.813080077703432,,,,50.0,51.5,50.0,3.81,2.01,8.75,-3.19,0.01,-0.25,COOL,COOL,COOL,Red,Red,Red,47,56,63,GOAL,63,,,
2026-01-05,UTA@NYR,Logan Cooley,UTA,C,NYR,Igor Shesterkin,0.9123931623931624,2.46864024084295,18.0,84.3,63.7,2.0,2.0,1.8,8.0,5.0,21.0,1.0,0.0,2.3971034999375753,,,3.7454742186524617,,,,50.0,73.1,50.0,6.46,3.35,20.0,-1.54,-1.65,-1.0,COOL,COOL,COOL,Red,Red,Red,56,63,61,SOG,63,,,
2026-01-05,DET@OTT,Michael Amadio,OTT,R,DET,John Gibson,0.8950617283950617,2.93398533007335,54.9,68.4,63.7,,,,,,,,,1.5940018301502494,,,3.0817368716238156,,,,50.0,65.9,50.0,3.81,1.56,,,,,COOL,COOL,COOL,Red,Red,Red,61,61,62,GOAL,62,,,
2026-01-05,UTA@NYR,Conor Sheary,NYR,L,UTA,Karel Vejmelka,0.8937823834196891,2.7237246380823206,50.8,69.1,59.1,,,,,,,,,0.8662472929772095,,,0.989996906259668,,,,50.0,41.3,50.0,3.87,1.71,,,,,COOL,COOL,COOL,Red,Red,Red,53,61,62,GOAL,62,,,
2026-01-05,UTA@NYR,Noah Laba,NYR,C,UTA,Karel Vejmelka,0.8937823834196891,2.7237246380823206,50.8,69.5,54.0,,,,,,,,,1.1089813800657173,,,1.6018619934282585,,,,50.0,48.3,50.0,3.18,1.51,,,,,COOL,COOL,COOL,Red,Red,Red,52,61,62,GOAL,62,,,
2026-01-05,SEA@CGY,Matt Coronato,CGY,R,SEA,Joey Daccord,0.9019033674963397,2.7729237560930744,41.0,88.1,76.5,0.5,0.75,0.2,6.0,2.0,13.0,0.0,4.0,1.8750610371431362,,,2.34382629642892,,,,50.0,62.9,50.0,6.02,2.77,7.5,0.02,0.77,-5.5,COOL,COOL,COOL,Yellow,Red,Yellow,62,60,62,POINTS,62,,,
2026-01-05,UTA@NYR,Lawson Crouse,UTA,L,NYR,Igor Shesterkin,0.9123931623931624,2.46864024084295,18.0,86.0,63.7,1.5,1.375,1.6,5.0,2.0,15.0,1.0,3.0,1.9557245687898954,,,3.055819638734212,,,,50.0,68.8,50.0,4.56,2.42,13.75,-0.44,0.42,-1.25,COOL,COOL,COOL,Red,Red,Yellow,55,62,62,SOG,62,,,
2026-01-05,MIN@LAK,Danila Yurov,MIN,R,LAK,Darcy Kuemper,0.9107981220657277,2.3303087772692685,16.3,68.1,67.5,,,,,,,,,2.1007586072748494,,,2.941062050184789,,,,50.0,69.3,50.0,4.49,1.71,,,,,COOL,COOL,COOL,Red,Red,Red,62,57,57,POINTS,62,,,
2026-01-05,ANA@WSH,Chris Kreider,ANA,L,WSH,Logan Thompson,0.9145299145299145,2.373216556010736,12.4,92.7,63.7,0.5,1.0,1.2,1.0,0.0,11.0,0.0,0.0,1.0146561443066517,,,2.9171364148816235,,,,50.0,57.5,50.0,5.99,3.55,10.0,4.99,3.55,-1.0,HOT,HOT,COOL,Red,Red,Yellow,62,60,62,POINTS,62,,,
2026-01-05,ANA@WSH,Hendrix Lapierre,WSH,C,ANA,Lukas Dostal,0.8865248226950354,3.224325746464997,74.8,64.6,48.7,,,,,,,,,1.0534016093635699,,,2.282370153621068,,,,50.0,53.0,50.0,2.9,1.36,,,,,COOL,COOL,COOL,Red,Red,Red,51,61,61,SOG,61,,,
2026-01-05,ANA@WSH,Matt Roy,WSH,D,ANA,Lukas Dostal,0.8865248226950354,3.224325746464997,74.8,38.4,70.9,1.0,1.0,1.0,2.0,0.0,11.0,0.0,2.0,0.8895478131949592,,,2.9112473886380483,,,,50.0,54.4,50.0,3.14,0.52,10.0,1.14,0.52,-1.0,WARM,COOL,COOL,Yellow,Red,Red,61,39,36,POINTS,61,,,
2026-01-05,ANA@WSH,Ethen Frank,WSH,C,ANA,Lukas Dostal,0.8865248226950354,3.224325746464997,74.8,60.4,59.1,,,,,,,,,2.2193680965836116,,,3.513999486257385,,,,50.0,71.8,50.0,4.09,1.51,,,,,COOL,COOL,COOL,Red,Red,Red,61,58,59,POINTS,61,,,
2026-01-05,SEA@CGY,Jaden Schwartz,SEA,L,CGY,Dustin Wolf,0.900355871886121,2.8630941109638326,45.7,74.7,54.0,2.0,2.125,2.0,5.0,4.0,24.0,1.0,0.0,1.5037593984962405,,,2.255639097744361,,,,50.0,58.5,50.0,6.37,3.32,21.25,1.37,-0.68,-2.75,WARM,COOL,COOL,Red,Red,Red,52,61,58,SOG,61,,,
2026-01-05,SEA@CGY,Chandler Stephenson,SEA,C,CGY,Dustin Wolf,0.900355871886121,2.8630941109638326,45.7,68.3,79.6,1.0,1.25,0.6,9.0,6.0,15.0,2.0,2.0,1.0766838138533317,,,1.7226941021653308,,,,50.0,49.0,50.0,5.18,1.59,12.5,-3.82,-4.41,-2.5,COOL,COOL,COOL,Yellow,Red,Red,61,52,59,POINTS,61,,,
2026-01-05,UTA@NYR,Barrett Hayton,UTA,C,NYR,Igor Shesterkin,0.9123931623931624,2.46864024084295,18.0,84.2,59.1,1.5,1.5,1.4,7.0,1.0,15.0,0.0,5.0,0.9993753903810119,,,2.623360399750156,,,,50.0,54.5,50.0,4.79,2.62,15.0,-2.21,1.62,0.0,COOL,WARM,COOL,Red,Red,Red,49,61,57,SOG,61,,,
2026-01-05,MIN@LAK,Joel Edmundson,LAK,D,MIN,Filip Gustavsson,0.9122085048010974,2.4518202424152133,17.8,39.4,73.6,1.5,1.5,1.8,2.0,0.0,16.0,0.0,1.0,1.0049690134554186,,,2.2109318296019205,,,,50.0,51.6,50.0,3.56,0.56,15.0,1.56,0.56,-1.0,WARM,COOL,COOL,Yellow,Red,Red,61,36,30,POINTS,61,,,
2026-01-05,MIN@LAK,Brandt Clarke,LAK,D,MIN,Filip Gustavsson,0.9122085048010974,2.4518202424152133,17.8,50.4,79.6,1.5,1.875,2.6,5.0,0.0,20.0,0.0,4.0,1.3890675241157557,,,2.50032154340836,,,,50.0,59.0,50.0,4.36,0.86,18.75,-0.64,0.86,-1.25,COOL,COOL,COOL,Yellow,Red,Red,61,42,37,POINTS,61,,,
2026-01-05,DET@OTT,Simon Edvinsson,DET,D,OTT,Linus Ullmark,0.8806404657933042,2.95344718912267,75.3,52.1,67.5,,,,,,,,,0.7644772886538829,,,2.369879594827037,,,,50.0,47.8,50.0,3.41,0.91,,,,,COOL,COOL,COOL,Red,Red,Red,60,54,54,POINTS,60,,,
2026-01-05,DET@OTT,J.T. Compher,DET,L,OTT,Linus Ullmark,0.8806404657933042,2.95344718912267,75.3,62.8,63.7,,,,,,,,,1.2980769230769231,,,2.0552884615384617,,,,50.0,54.6,50.0,3.27,1.17,,,,,COOL,COOL,COOL,Red,Red,Red,60,60,60,POINTS,60,,,
2026-01-05,ANA@WSH,Rasmus Sandin,WSH,D,ANA,Lukas Dostal,0.8865248226950354,3.224325746464997,74.8,34.0,70.9,1.0,1.0,1.0,4.0,0.0,11.0,0.0,3.0,1.3462976813762153,,,2.7961567228582935,,,,50.0,60.5,50.0,3.58,0.52,10.0,-0.42,0.52,-1.0,COOL,COOL,COOL,Yellow,Red,Red,60,36,33,POINTS,60,,,
2026-01-05,UTA@NYR,Sam Carrick,NYR,C,UTA,Karel Vejmelka,0.8937823834196891,2.7237246380823206,50.8,67.3,48.7,,,,,,,,,0.5867014341590613,,,1.6134289439374185,,,,50.0,39.4,50.0,2.77,1.38,,,,,COOL,COOL,COOL,Red,Red,Red,47,60,60,SOG,60,,,
2026-01-05,UTA@NYR,Nate Schmidt,UTA,D,NYR,Igor Shesterkin,0.9123931623931624,2.46864024084295,18.0,37.2,67.5,,,,,,,,,0.9324887559752278,,,3.306096498457626,,,,50.0,57.6,50.0,2.88,0.5,,,,,COOL,COOL,COOL,Red,Red,Red,60,40,39,POINTS,60,,,
2026-01-05,MIN@LAK,Vladimir Tarasenko,MIN,R,LAK,Darcy Kuemper,0.9107981220657277,2.3303087772692685,16.3,81.8,73.6,1.5,1.75,1.2,7.0,5.0,18.0,1.0,0.0,1.4153725181836052,,,1.6984470218203263,,,,50.0,53.0,50.0,5.83,2.5,17.5,-1.17,-2.5,-0.5,COOL,COOL,COOL,Yellow,Red,Red,57,59,60,GOAL,60,,,
2026-01-05,MIN@LAK,Brock Faber,MIN,D,LAK,Darcy Kuemper,0.9107981220657277,2.3303087772692685,16.3,60.5,79.6,1.5,1.875,1.8,6.0,3.0,20.0,2.0,1.0,0.905730487120435,,,2.4385051576319405,,,,50.0,51.0,50.0,4.35,1.1,18.75,-1.65,-1.9,-1.25,COOL,COOL,COOL,Yellow,Red,Red,60,47,51,POINTS,60,,,
2026-01-05,MIN@LAK,Jonas Brodin,MIN,D,LAK,Darcy Kuemper,0.9107981220657277,2.3303087772692685,16.3,31.6,67.5,,,,,,,,,1.0851922274266104,,,2.8381950563465197,,,,50.0,57.8,50.0,3.08,0.44,,,,,COOL,COOL,COOL,Red,Red,Red,60,37,36,POINTS,60,,,
2026-01-05,ANA@WSH,Mikael Granlund,ANA,C,WSH,Logan Thompson,0.9145299145299145,2.373216556010736,12.4,64.9,63.7,,,,,,,,,2.5326845283461337,,,2.9547986164038225,,,,50.0,71.7,50.0,6.26,2.34,,,,,COOL,COOL,COOL,Red,Red,Red,60,54,55,POINTS,60,,,
2026-01-05,DET@OTT,Michael Rasmussen,DET,C,OTT,Linus Ullmark,0.8806404657933042,2.95344718912267,75.3,70.4,59.1,1.0,1.0,1.6,4.0,1.0,14.0,1.0,2.0,1.4795331251027453,,,2.0713463751438437,,,,50.0,57.1,50.0,3.82,1.72,10.0,-0.18,0.72,-4.0,COOL,COOL,COOL,Red,Red,Red,53,56,59,GOAL,59,,,
2026-01-05,ANA@WSH,Martin Fehrvry,WSH,D,ANA,Lukas Dostal,0.8865248226950354,3.224325746464997,74.8,48.3,63.7,,,,,,,,,0.9011940821588605,,,2.7035822464765813,,,,50.0,52.9,50.0,2.92,0.78,,,,,COOL,COOL,COOL,Red,Red,Red,59,52,51,POINTS,59,,,
2026-01-05,DET@OTT,Artem Zub,OTT,D,DET,John Gibson,0.8950617283950617,2.93398533007335,54.9,32.8,63.7,,,,,,,,,1.023679040430152,,,2.791851928445869,,,,50.0,56.3,50.0,2.77,0.46,,,,,COOL,COOL,COOL,Red,Red,Red,59,41,40,POINTS,59,,,
2026-01-05,SEA@CGY,Brandon Montour,SEA,D,CGY,Dustin Wolf,0.900355871886121,2.8630941109638326,45.7,58.7,67.5,,,,,,,,,0.9479921000658328,,,1.6589861751152073,,,,50.0,45.8,50.0,5.34,1.64,,,,,COOL,COOL,COOL,Red,Red,Red,59,54,55,POINTS,59,,,
2026-01-05,SEA@CGY,Shane Wright,SEA,C,CGY,Dustin Wolf,0.900355871886121,2.8630941109638326,45.7,81.4,59.1,1.0,1.625,1.4,2.0,1.0,18.0,0.0,0.0,1.1540105428123664,,,1.6669041173956405,,,,50.0,49.5,50.0,4.34,2.28,16.25,2.34,1.28,-1.75,HOT,WARM,COOL,Red,Red,Red,56,59,58,SOG,59,,,
2026-01-05,UTA@NYR,Sean Durzi,UTA,D,NYR,Igor Shesterkin,0.9123931623931624,2.46864024084295,18.0,38.0,67.5,,,,,,,,,1.4866477012021657,,,1.8170138570248693,,,,50.0,55.5,50.0,5.8,1.04,,,,,COOL,COOL,COOL,Red,Red,Red,59,40,40,POINTS,59,,,
2026-01-05,ANA@WSH,Ryan Poehling,ANA,C,WSH,Logan Thompson,0.9145299145299145,2.373216556010736,12.4,58.2,73.6,1.0,1.0,1.0,7.0,1.0,12.0,0.0,1.0,1.9217936740958228,,,2.7225410383024156,,,,50.0,65.7,50.0,4.81,1.29,10.0,-2.19,0.29,-2.0,COOL,COOL,COOL,Yellow,Red,Red,59,43,41,POINTS,59,,,
2026-01-05,ANA@WSH,Ross Johnston,ANA,L,WSH,Logan Thompson,0.9145299145299145,2.373216556010736,12.4,45.5,63.7,,,,,,,,,1.788941091434767,,,2.9273581496205274,,,,50.0,66.8,50.0,3.06,0.75,,,,,COOL,COOL,COOL,Red,Red,Red,59,44,44,POINTS,59,,,
2026-01-05,ANA@WSH,Olen Zellweger,ANA,D,WSH,Logan Thompson,0.9145299145299145,2.373216556010736,12.4,63.5,67.5,,,,,,,,,0.9553886574135506,,,3.248321435206072,,,,50.0,58.0,50.0,3.79,1.29,,,,,COOL,COOL,COOL,Red,Red,Red,59,54,54,POINTS,59,,,
2026-01-05,DET@OTT,Thomas Chabot,OTT,D,DET,John Gibson,0.8950617283950617,2.93398533007335,54.9,41.9,70.9,2.0,1.75,1.8,6.0,2.0,17.0,2.0,1.0,0.81998329663655,,,3.9632526004099917,,,,50.0,56.5,50.0,5.44,1.04,17.5,-0.56,-0.96,0.5,COOL,COOL,COOL,Yellow,Red,Red,58,44,44,POINTS,58,,,
2026-01-05,UTA@NYR,Ian Cole,UTA,D,NYR,Igor Shesterkin,0.9123931623931624,2.46864024084295,18.0,34.6,67.5,,,,,,,,,0.7538280329799765,,,2.8268551236749118,,,,50.0,51.1,50.0,2.84,0.45,,,,,COOL,COOL,COOL,Red,Red,Red,58,38,38,POINTS,58,,,
2026-01-05,MIN@LAK,Trevor Moore,LAK,L,MIN,Filip Gustavsson,0.9122085048010974,2.4518202424152133,17.8,69.5,59.1,,,,,,,,,1.3758121113157071,,,1.6259597679185631,,,,50.0,51.8,50.0,3.88,1.71,,,,,COOL,COOL,COOL,Red,Red,Red,54,58,58,SOG,58,,,
2026-01-05,ANA@WSH,Frank Vatrano,ANA,R,WSH,Logan Thompson,0.9145299145299145,2.373216556010736,12.4,75.6,31.4,2.0,1.75,1.4,3.0,1.0,20.0,0.0,2.0,0.7524139949003051,,,1.8057935877607323,,,,50.0,43.5,50.0,2.84,2.06,17.5,-0.16,1.06,-2.5,COOL,WARM,COOL,Red,Red,Red,32,58,52,SOG,58,,,
2026-01-05,DET@OTT,Axel Sandin-Pellikka,DET,D,OTT,Linus Ullmark,0.8806404657933042,2.95344718912267,75.3,39.7,70.9,1.0,0.875,0.6,3.0,1.0,10.0,0.0,1.0,0.8402925462938949,,,1.8673167695419888,,,,50.0,45.4,50.0,3.09,0.53,8.75,0.09,-0.47,-1.25,COOL,COOL,COOL,Yellow,Red,Red,57,39,36,POINTS,57,,,
2026-01-05,ANA@WSH,Brandon Duhaime,WSH,R,ANA,Lukas Dostal,0.8865248226950354,3.224325746464997,74.8,57.2,26.3,,,,,,,,,0.7155635062611807,,,1.2880143112701252,,,,50.0,39.6,50.0,1.5,1.02,,,,,COOL,COOL,COOL,Red,Red,Red,36,56,57,GOAL,57,,,
2026-01-05,SEA@CGY,Jared McCann,SEA,L,CGY,Dustin Wolf,0.900355871886121,2.8630941109638326,45.7,61.9,37.0,,,,,,,,,1.6160890644639971,,,2.5857425031423955,,,,50.0,62.4,50.0,5.98,3.31,,,,,COOL,COOL,COOL,Red,Red,Red,45,56,57,GOAL,57,,,
2026-01-05,SEA@CGY,MacKenzie Weegar,CGY,D,SEA,Joey Daccord,0.9019033674963397,2.7729237560930744,41.0,47.1,73.6,3.5,3.25,2.4,9.0,2.0,32.0,1.0,3.0,0.8889287959055401,,,1.7778575918110802,,,,50.0,45.1,50.0,3.68,0.76,32.5,-5.32,-1.24,0.5,COOL,COOL,COOL,Yellow,Red,Red,57,52,41,POINTS,57,,,
2026-01-05,UTA@NYR,Michael Carcone,UTA,L,NYR,Igor Shesterkin,0.9123931623931624,2.46864024084295,18.0,73.2,54.0,2.0,1.75,1.8,4.0,3.0,20.0,1.0,0.0,1.7285318559556786,,,2.3933518005540164,,,,50.0,61.6,50.0,3.57,1.82,17.5,-0.43,-1.18,-2.5,COOL,COOL,COOL,Red,Red,Red,48,57,55,SOG,57,,,
2026-01-05,MIN@LAK,Andrei Kuzmenko,LAK,L,MIN,Filip Gustavsson,0.9122085048010974,2.4518202424152133,17.8,70.8,48.7,1.0,1.25,1.4,6.0,4.0,13.0,2.0,2.0,0.9201277955271565,,,1.9936102236421724,,,,50.0,48.2,50.0,3.61,1.89,12.5,-2.39,-2.11,-0.5,COOL,COOL,COOL,Red,Red,Red,42,51,57,GOAL,57,,,
2026-01-05,MIN@LAK,Warren Foegele,LAK,L,MIN,Filip Gustavsson,0.9122085048010974,2.4518202424152133,17.8,66.9,19.1,,,,,,,,,0.7669365146996165,,,1.3804857264593098,,,,50.0,40.7,50.0,2.11,1.8,,,,,COOL,COOL,COOL,Red,Red,Red,30,56,57,GOAL,57,,,
2026-01-05,MIN@LAK,Drew Doughty,LAK,D,MIN,Filip Gustavsson,0.9122085048010974,2.4518202424152133,17.8,49.1,67.5,,,,,,,,,0.6809706534075556,,,2.2374750040533966,,,,50.0,45.6,50.0,4.03,1.0,,,,,COOL,COOL,COOL,Red,Red,Red,57,46,46,POINTS,57,,,
2026-01-05,MIN@LAK,Ryan Hartman,MIN,R,LAK,Darcy Kuemper,0.9107981220657277,2.3303087772692685,16.3,78.8,54.0,1.5,1.5,0.4,4.0,3.0,18.0,0.0,1.0,0.8941322570630239,,,1.11766532132878,,,,50.0,42.3,50.0,3.94,2.15,15.0,-0.06,-0.85,-3.0,COOL,COOL,COOL,Red,Red,Red,44,57,54,SOG,57,,,
2026-01-05,MIN@LAK,Yakov Trenin,MIN,C,LAK,Darcy Kuemper,0.9107981220657277,2.3303087772692685,16.3,72.5,70.9,0.5,0.75,1.0,6.0,1.0,8.0,1.0,2.0,1.6261736521149937,,,2.5554157390378474,,,,50.0,62.0,50.0,4.2,1.65,7.5,-1.8,0.65,-0.5,COOL,COOL,COOL,Yellow,Red,Red,57,49,54,POINTS,57,,,
2026-01-05,ANA@WSH,Jacob Trouba,ANA,D,WSH,Logan Thompson,0.9145299145299145,2.373216556010736,12.4,52.4,70.9,2.5,2.375,3.2,3.0,1.0,25.0,0.0,1.0,1.1357234603510828,,,2.6770624422561236,,,,50.0,57.0,50.0,3.58,0.9,23.75,0.58,-0.1,-1.25,COOL,COOL,COOL,Yellow,Red,Red,57,48,38,POINTS,57,,,
2026-01-05,ANA@WSH,Alex Killorn,ANA,L,WSH,Logan Thompson,0.9145299145299145,2.373216556010736,12.4,67.9,63.7,,,,,,,,,0.9929664873810509,,,2.110053785684733,,,,50.0,50.4,50.0,3.68,1.49,,,,,COOL,COOL,COOL,Red,Red,Red,56,56,57,GOAL,57,,,
2026-01-05,DET@OTT,Nate Danielson,DET,C,OTT,Linus Ullmark,0.8806404657933042,2.95344718912267,75.3,55.8,43.0,,,,,,,,,0.8980355472404116,,,1.3470533208606175,,,,50.0,42.8,50.0,3.25,1.47,,,,,COOL,COOL,COOL,Red,Red,Red,46,56,56,SOG,56,,,
2026-01-05,DET@OTT,Nick Jensen,OTT,D,DET,John Gibson,0.8950617283950617,2.93398533007335,54.9,30.2,59.1,,,,,,,,,1.0018645813040938,,,2.6048479113906438,,,,50.0,54.5,50.0,2.45,0.4,,,,,COOL,COOL,COOL,Red,Red,Red,56,40,39,POINTS,56,,,
2026-01-05,SEA@CGY,Kaapo Kakko,SEA,R,CGY,Dustin Wolf,0.900355871886121,2.8630941109638326,45.7,48.0,59.1,,,,,,,,,1.4697305493992767,,,2.0996150705703953,,,,50.0,57.2,50.0,4.89,1.41,,,,,COOL,COOL,COOL,Red,Red,Red,56,48,48,POINTS,56,,,
2026-01-05,UTA@NYR,Jonny Brodzinski,NYR,C,UTA,Karel Vejmelka,0.8937823834196891,2.7237246380823206,50.8,58.5,43.0,,,,,,,,,1.7890668139149641,,,1.7890668139149641,,,,50.0,57.8,50.0,3.35,1.56,,,,,COOL,COOL,COOL,Red,Red,Red,48,55,55,SOG,55,,,
2026-01-05,UTA@NYR,Kevin Stenlund,UTA,C,NYR,Igor Shesterkin,0.9123931623931624,2.46864024084295,18.0,63.2,54.0,,,,,,,,,0.7734727494091528,,,1.5469454988183056,,,,50.0,41.6,50.0,2.89,1.22,,,,,COOL,COOL,COOL,Red,Red,Red,49,54,55,GOAL,55,,,
2026-01-05,UTA@NYR,Jack McBain,UTA,C,NYR,Igor Shesterkin,0.9123931623931624,2.46864024084295,18.0,78.0,48.7,1.0,1.125,1.0,1.0,1.0,13.0,0.0,0.0,1.2314428405281521,,,2.4628856810563042,,,,50.0,56.7,50.0,3.38,1.95,11.25,2.38,0.95,-1.75,HOT,COOL,COOL,Red,Red,Red,50,55,54,SOG,55,,,
2026-01-05,ANA@WSH,Nikita Nesterenko,ANA,C,WSH,Logan Thompson,0.9145299145299145,2.373216556010736,12.4,48.7,59.1,,,,,,,,,1.6593685180917261,,,2.074210647614658,,,,50.0,59.0,50.0,4.33,1.26,,,,,COOL,COOL,COOL,Red,Red,Red,55,46,45,POINTS,55,,,
2026-01-05,DET@OTT,Elmer Soderblom,DET,L,OTT,Linus Ullmark,0.8806404657933042,2.95344718912267,75.3,51.6,19.1,,,,,,,,,0.6928406466512702,,,1.3856812933025404,,,,50.0,39.6,50.0,1.83,1.43,,,,,COOL,COOL,COOL,Red,Red,Red,32,53,54,GOAL,54,,,
2026-01-05,UTA@NYR,Vladislav Gavrikov,NYR,D,UTA,Karel Vejmelka,0.8937823834196891,2.7237246380823206,50.8,46.8,59.1,,,,,,,,,0.8221211486859383,,,1.781262488819533,,,,50.0,44.4,50.0,2.57,0.71,,,,,COOL,COOL,COOL,Red,Red,Red,54,48,48,POINTS,54,,,
2026-01-05,UTA@NYR,Taylor Raddysh,NYR,R,UTA,Karel Vejmelka,0.8937823834196891,2.7237246380823206,50.8,56.8,37.0,,,,,,,,,1.388942474632509,,,1.9445194644855126,,,,50.0,55.1,50.0,2.06,1.06,,,,,COOL,COOL,COOL,Red,Red,Red,44,54,54,SOG,54,,,
2026-01-05,SEA@CGY,Ryan Winterton,SEA,C,CGY,Dustin Wolf,0.900355871886121,2.8630941109638326,45.7,57.0,43.0,,,,,,,,,1.2455669924746995,,,2.3354381108900615,,,,50.0,56.2,50.0,2.5,1.15,,,,,COOL,COOL,COOL,Red,Red,Red,47,53,54,GOAL,54,,,
2026-01-05,MIN@LAK,Joel Armia,LAK,R,MIN,Filip Gustavsson,0.9122085048010974,2.4518202424152133,17.8,72.3,54.0,1.0,1.125,1.2,2.0,2.0,12.0,1.0,0.0,1.1682832726354884,,,1.6875202826957054,,,,50.0,50.1,50.0,3.51,1.76,11.25,1.51,-0.24,-0.75,WARM,COOL,COOL,Red,Red,Red,49,52,54,GOAL,54,,,
2026-01-05,DET@OTT,Mason Appleton,DET,C,OTT,Linus Ullmark,0.8806404657933042,2.95344718912267,75.3,48.3,48.7,,,,,,,,,1.5269765863590092,,,2.5958601968103157,,,,50.0,61.6,50.0,2.81,0.99,,,,,COOL,COOL,COOL,Red,Red,Red,53,52,52,POINTS,53,,,
2026-01-05,ANA@WSH,Nic Dowd,WSH,C,ANA,Lukas Dostal,0.8865248226950354,3.224325746464997,74.8,51.5,54.0,,,,,,,,,0.9969537524231514,,,1.5666416109506667,,,,50.0,45.8,50.0,3.1,1.04,,,,,COOL,COOL,COOL,Red,Red,Red,53,53,53,POINTS,53,,,
2026-01-05,SEA@CGY,Jani Nyman,SEA,R,CGY,Dustin Wolf,0.900355871886121,2.8630941109638326,45.7,56.4,26.3,,,,,,,,,1.0279106288814335,,,1.54186594332215,,,,50.0,46.7,50.0,2.57,1.74,,,,,COOL,COOL,COOL,Red,Red,Red,36,53,53,SOG,53,,,
2026-01-05,MIN@LAK,Alex Turcotte,LAK,C,MIN,Filip Gustavsson,0.9122085048010974,2.4518202424152133,17.8,74.4,43.0,1.0,0.875,0.8,1.0,0.0,13.0,0.0,1.0,1.107838396272036,,,1.740888908427485,,,,50.0,49.4,50.0,3.22,1.93,8.75,2.22,1.93,-4.25,HOT,WARM,COOL,Red,Red,Red,45,53,51,SOG,53,,,
2026-01-05,MIN@LAK,Jake Middleton,MIN,D,LAK,Darcy Kuemper,0.9107981220657277,2.3303087772692685,16.3,33.8,59.1,,,,,,,,,0.8436593725283417,,,2.1091484313208544,,,,50.0,47.4,50.0,2.74,0.52,,,,,COOL,COOL,COOL,Red,Red,Red,53,38,37,POINTS,53,,,
2026-01-05,DET@OTT,Nick Cousins,OTT,C,DET,John Gibson,0.8950617283950617,2.93398533007335,54.9,51.7,37.0,,,,,,,,,1.5209768051037222,,,2.129367527145211,,,,50.0,58.2,50.0,1.95,0.92,,,,,COOL,COOL,COOL,Red,Red,Red,45,51,52,GOAL,52,,,
2026-01-05,MIN@LAK,Brian Dumoulin,LAK,D,MIN,Filip Gustavsson,0.9122085048010974,2.4518202424152133,17.8,30.8,59.1,,,,,,,,,0.6288523444713398,,,1.796720984203828,,,,50.0,42.0,50.0,2.4,0.4,,,,,COOL,COOL,COOL,Red,Red,Red,52,36,35,POINTS,52,,,
2026-01-05,MIN@LAK,Marcus Foligno,MIN,L,LAK,Darcy Kuemper,0.9107981220657277,2.3303087772692685,16.3,58.2,37.0,,,,,,,,,0.7981199840376003,,,1.1173679776526404,,,,50.0,40.4,50.0,2.54,1.32,,,,,COOL,COOL,COOL,Red,Red,Red,39,51,52,GOAL,52,,,
2026-01-05,ANA@WSH,Radko Gudas,ANA,D,WSH,Logan Thompson,0.9145299145299145,2.373216556010736,12.4,23.9,54.0,,,,,,,,,1.1554663991975929,,,2.599799398194584,,,,50.0,57.2,50.0,2.88,0.38,,,,,COOL,COOL,COOL,Red,Red,Red,52,32,31,POINTS,52,,,
2026-01-05,MIN@LAK,Jared Spurgeon,MIN,D,LAK,Darcy Kuemper,0.9107981220657277,2.3303087772692685,16.3,49.1,59.1,,,,,,,,,0.4269247189412267,,,1.8784687633413975,,,,50.0,40.9,50.0,2.63,0.77,,,,,COOL,COOL,COOL,Red,Red,Red,51,46,46,POINTS,51,,,
2026-01-05,MIN@LAK,Nico Sturm,MIN,C,LAK,Darcy Kuemper,0.9107981220657277,2.3303087772692685,16.3,57.5,37.0,,,,,,,,,1.4814814814814814,,,1.7777777777777777,,,,50.0,54.5,50.0,3.97,2.06,,,,,COOL,COOL,COOL,Red,Red,Red,42,51,51,SOG,51,,,
2026-01-05,ANA@WSH,Sonny Milano,WSH,L,ANA,Lukas Dostal,0.8865248226950354,3.224325746464997,74.8,45.9,31.4,,,,,,,,,2.122820318423048,,,3.335860500379075,,,,50.0,71.2,50.0,2.48,1.23,,,,,COOL,COOL,COOL,Red,Red,Red,45,50,50,SOG,50,,,
2026-01-05,SEA@CGY,Adam Klapka,CGY,R,SEA,Joey Daccord,0.9019033674963397,2.7729237560930744,41.0,51.9,43.0,,,,,,,,,1.1292346298619824,,,1.9358307940491128,,,,50.0,51.8,50.0,2.15,0.9,,,,,COOL,COOL,COOL,Red,Red,Red,46,50,50,SOG,50,,,
2026-01-05,ANA@WSH,Drew Helleson,ANA,D,WSH,Logan Thompson,0.9145299145299145,2.373216556010736,12.4,20.3,54.0,,,,,,,,,0.7369282957071003,,,2.737162241197801,,,,50.0,50.1,50.0,2.17,0.23,,,,,COOL,COOL,COOL,Red,Red,Red,50,30,28,POINTS,50,,,
2026-01-05,SEA@CGY,Frederick Gaudreau,SEA,C,CGY,Dustin Wolf,0.900355871886121,2.8630941109638326,45.7,49.5,43.0,,,,,,,,,1.043730369654506,,,1.9135056776999275,,,,50.0,50.4,50.0,3.2,1.28,,,,,COOL,COOL,COOL,Red,Red,Red,46,49,49,SOG,49,,,
2026-01-05,SEA@CGY,Ryker Evans,SEA,D,CGY,Dustin Wolf,0.900355871886121,2.8630941109638326,45.7,18.4,48.7,,,,,,,,,0.9189534141671984,,,2.1442246330567962,,,,50.0,49.3,50.0,2.68,0.28,,,,,COOL,COOL,COOL,Red,Red,Red,49,32,31,POINTS,49,,,
2026-01-05,SEA@CGY,Ryan Lomberg,CGY,L,SEA,Joey Daccord,0.9019033674963397,2.7729237560930744,41.0,50.3,26.3,,,,,,,,,0.9330776009538126,,,1.8661552019076253,,,,50.0,47.6,50.0,1.47,0.93,,,,,COOL,COOL,COOL,Red,Red,Red,36,49,49,SOG,49,,,
2026-01-05,UTA@NYR,Daniil But,UTA,L,NYR,Igor Shesterkin,0.9123931623931624,2.46864024084295,18.0,53.6,26.3,,,,,,,,,0.0,,,0.030703101013202335,,,,50.0,29.2,50.0,3.85,2.52,,,,,COOL,COOL,COOL,Red,Red,Red,31,49,49,SOG,49,,,
2026-01-05,UTA@NYR,Kailer Yamamoto,UTA,R,NYR,Igor Shesterkin,0.9123931623931624,2.46864024084295,18.0,48.7,43.0,,,,,,,,,2.00731057555294,,,3.1224831175267953,,,,50.0,69.5,50.0,3.18,1.26,,,,,COOL,COOL,COOL,Red,Red,Red,48,46,46,POINTS,48,,,
2026-01-05,MIN@LAK,Jeff Malott,LAK,L,MIN,Filip Gustavsson,0.9122085048010974,2.4518202424152133,17.8,51.3,7.3,,,,,,,,,0.9444687363358111,,,2.203760384783559,,,,50.0,50.0,50.0,1.47,1.47,,,,,COOL,COOL,COOL,Red,Red,Red,25,48,48,SOG,48,,,
2026-01-05,ANA@WSH,Ryan Strome,ANA,C,WSH,Logan Thompson,0.9145299145299145,2.373216556010736,12.4,52.9,37.0,,,,,,,,,1.375726077652094,,,2.4763069397737696,,,,50.0,58.4,50.0,3.67,1.76,,,,,COOL,COOL,COOL,Red,Red,Red,43,48,48,SOG,48,,,
2026-01-05,ANA@WSH,Pavel Mintyukov,ANA,D,WSH,Logan Thompson,0.9145299145299145,2.373216556010736,12.4,43.5,48.7,,,,,,,,,1.021759697256386,,,2.270577105014191,,,,50.0,52.3,50.0,2.44,0.77,,,,,COOL,COOL,COOL,Red,Red,Red,48,43,42,POINTS,48,,,
2026-01-05,UTA@NYR,Braden Schneider,NYR,D,UTA,Karel Vejmelka,0.8937823834196891,2.7237246380823206,50.8,33.1,48.7,,,,,,,,,0.5710659898477157,,,1.794778825235678,,,,50.0,40.8,50.0,1.81,0.42,,,,,COOL,COOL,COOL,Red,Red,Red,47,41,40,POINTS,47,,,
2026-01-05,SEA@CGY,Ben Meyers,SEA,C,CGY,Dustin Wolf,0.900355871886121,2.8630941109638326,45.7,45.9,31.4,,,,,,,,,1.8001500125010417,,,2.7002250187515626,,,,50.0,64.7,50.0,2.84,1.41,,,,,COOL,COOL,COOL,Red,Red,Red,42,47,47,SOG,47,,,
2026-01-05,SEA@CGY,Adam Larsson,SEA,D,CGY,Dustin Wolf,0.900355871886121,2.8630941109638326,45.7,26.5,48.7,,,,,,,,,0.6637780031345072,,,1.4935005070526413,,,,50.0,39.7,50.0,1.85,0.31,,,,,COOL,COOL,COOL,Red,Red,Red,47,37,35,POINTS,47,,,
2026-01-05,SEA@CGY,Joel Hanley,CGY,D,SEA,Joey Daccord,0.9019033674963397,2.7729237560930744,41.0,29.8,48.7,,,,,,,,,0.7054443319507495,,,1.646036774551749,,,,50.0,41.2,50.0,1.97,0.39,,,,,COOL,COOL,COOL,Red,Red,Red,47,38,37,POINTS,47,,,
2026-01-05,MIN@LAK,Mikey Anderson,LAK,D,MIN,Filip Gustavsson,0.9122085048010974,2.4518202424152133,17.8,35.3,48.7,,,,,,,,,0.631246712256707,,,2.074096340272037,,,,50.0,44.4,50.0,1.98,0.48,,,,,COOL,COOL,COOL,Red,Red,Red,47,39,38,POINTS,47,,,
2026-01-05,DET@OTT,Ben Chiarot,DET,D,OTT,Linus Ullmark,0.8806404657933042,2.95344718912267,75.3,34.9,43.0,,,,,,,,,0.6093561559782493,,,2.208916065421154,,,,50.0,44.8,50.0,1.61,0.45,,,,,COOL,COOL,COOL,Red,Red,Red,46,44,43,POINTS,46,,,
2026-01-05,ANA@WSH,Trevor van Riemsdyk,WSH,D,ANA,Lukas Dostal,0.8865248226950354,3.224325746464997,74.8,32.3,43.0,,,,,,,,,0.8104457451598379,,,1.7559657811796487,,,,50.0,43.8,50.0,2.11,0.55,,,,,COOL,COOL,COOL,Red,Red,Red,46,43,42,POINTS,46,,,
2026-01-05,DET@OTT,Stephen Halliday,OTT,C,DET,John Gibson,0.8950617283950617,2.93398533007335,54.9,26.8,48.7,,,,,,,,,0.030779753761969904,,,0.030779753761969904,,,,50.0,32.9,50.0,4.52,0.77,,,,,COOL,COOL,COOL,Red,Red,Red,46,38,37,POINTS,46,,,
2026-01-05,DET@OTT,Lars Eller,OTT,C,DET,John Gibson,0.8950617283950617,2.93398533007335,54.9,41.4,37.0,,,,,,,,,1.0180995475113122,,,1.4253393665158371,,,,50.0,46.1,50.0,2.29,0.86,,,,,COOL,COOL,COOL,Red,Red,Red,42,46,45,SOG,46,,,
2026-01-05,UTA@NYR,Adam Edstrom,NYR,C,UTA,Karel Vejmelka,0.8937823834196891,2.7237246380823206,50.8,42.2,26.3,,,,,,,,,1.056260544267586,,,2.3765862246020686,,,,50.0,53.8,50.0,1.92,1.09,,,,,COOL,COOL,COOL,Red,Red,Red,38,46,45,SOG,46,,,
2026-01-05,SEA@CGY,Berkly Catton,SEA,C,CGY,Dustin Wolf,0.900355871886121,2.8630941109638326,45.7,44.3,43.0,,,,,,,,,0.8083983607477685,,,1.4146971313085948,,,,50.0,41.4,50.0,3.02,1.09,,,,,COOL,COOL,COOL,Red,Red,Red,44,46,46,SOG,46,,,
2026-01-05,SEA@CGY,Jamie Oleksiak,SEA,D,CGY,Dustin Wolf,0.900355871886121,2.8630941109638326,45.7,33.6,43.0,,,,,,,,,0.8924974433666987,,,2.5659301496792586,,,,50.0,51.6,50.0,1.85,0.49,,,,,COOL,COOL,COOL,Red,Red,Red,46,41,40,POINTS,46,,,
2026-01-05,SEA@CGY,Samuel Honzek,CGY,L,SEA,Joey Daccord,0.9019033674963397,2.7729237560930744,41.0,44.0,26.3,,,,,,,,,0.9292720702116676,,,2.47805885389778,,,,50.0,51.8,50.0,2.68,1.57,,,,,COOL,COOL,COOL,Red,Red,Red,37,46,45,SOG,46,,,
2026-01-05,MIN@LAK,Cody Ceci,LAK,D,MIN,Filip Gustavsson,0.9122085048010974,2.4518202424152133,17.8,36.4,48.7,,,,,,,,,0.5959771542090887,,,1.5892724112242365,,,,50.0,39.4,50.0,2.01,0.51,,,,,COOL,COOL,COOL,Red,Red,Red,46,39,39,POINTS,46,,,
2026-01-05,DET@OTT,Albert Johansson,DET,D,OTT,Linus Ullmark,0.8806404657933042,2.95344718912267,75.3,26.8,43.0,,,,,,,,,0.5009183503088996,,,1.602938720988479,,,,50.0,38.8,50.0,1.45,0.29,,,,,COOL,COOL,COOL,Red,Red,Red,45,40,39,POINTS,45,,,
2026-01-05,UTA@NYR,Matthew Robertson,NYR,D,UTA,Karel Vejmelka,0.8937823834196891,2.7237246380823206,50.8,28.1,43.0,,,,,,,,,0.8476286579212916,,,1.9374369323915237,,,,50.0,46.4,50.0,1.87,0.4,,,,,COOL,COOL,COOL,Red,Red,Red,45,38,37,POINTS,45,,,
2026-01-05,DET@OTT,Tyler Kleven,OTT,D,DET,John Gibson,0.8950617283950617,2.93398533007335,54.9,36.4,43.0,,,,,,,,,0.5590235721606261,,,1.565266002049753,,,,50.0,38.4,50.0,2.01,0.58,,,,,COOL,COOL,COOL,Red,Red,Red,44,43,42,POINTS,44,,,
2026-01-05,SEA@CGY,Ryan Lindgren,SEA,D,CGY,Dustin Wolf,0.900355871886121,2.8630941109638326,45.7,34.6,43.0,,,,,,,,,0.38441003737319807,,,1.633742658836092,,,,50.0,38.2,50.0,1.77,0.49,,,,,COOL,COOL,COOL,Red,Red,Red,44,41,40,POINTS,44,,,
2026-01-05,SEA@CGY,Yan Kuznetsov,CGY,D,SEA,Joey Daccord,0.9019033674963397,2.7729237560930744,41.0,27.4,43.0,,,,,,,,,0.6140829694323144,,,1.965065502183406,,,,50.0,43.4,50.0,2.34,0.49,,,,,COOL,COOL,COOL,Red,Red,Red,44,37,36,POINTS,44,,,
2026-01-05,SEA@CGY,Tye Kartye,SEA,L,CGY,Dustin Wolf,0.900355871886121,2.8630941109638326,45.7,37.6,37.0,,,,,,,,,1.1406844106463878,,,1.7110266159695817,,,,50.0,49.7,50.0,1.81,0.63,,,,,COOL,COOL,COOL,Red,Red,Red,43,43,42,POINTS,43,,,
2026-01-05,UTA@NYR,Liam O'Brien,UTA,C,NYR,Igor Shesterkin,0.9123931623931624,2.46864024084295,18.0,42.4,19.1,,,,,,,,,0.878334417696812,,,1.4638906961613534,,,,50.0,42.7,50.0,1.59,1.16,,,,,COOL,COOL,COOL,Red,Red,Red,30,43,42,SOG,43,,,
2026-01-05,UTA@NYR,Carson Soucy,NYR,D,UTA,Karel Vejmelka,0.8937823834196891,2.7237246380823206,50.8,36.1,31.4,,,,,,,,,0.5991678224687933,,,1.9972260748959778,,,,50.0,43.3,50.0,1.29,0.52,,,,,COOL,COOL,COOL,Red,Red,Red,38,42,42,SOG,42,,,
2026-01-05,SEA@CGY,Kevin Bahl,CGY,D,SEA,Joey Daccord,0.9019033674963397,2.7729237560930744,41.0,31.9,37.0,,,,,,,,,0.5983758370138196,,,2.735432397777461,,,,50.0,48.3,50.0,1.43,0.43,,,,,COOL,COOL,COOL,Red,Red,Red,42,39,38,POINTS,42,,,
2026-01-05,SEA@CGY,John Beecher,CGY,C,SEA,Joey Daccord,0.9019033674963397,2.7729237560930744,41.0,37.4,26.3,,,,,,,,,0.5797101449275363,,,0.8695652173913043,,,,50.0,37.0,50.0,1.65,0.85,,,,,COOL,COOL,COOL,Red,Red,Red,34,42,42,SOG,42,,,
2026-01-05,MIN@LAK,Vinnie Hinostroza,MIN,C,LAK,Darcy Kuemper,0.9107981220657277,2.3303087772692685,16.3,42.2,37.0,,,,,,,,,0.7715801318116059,,,1.3502652306703102,,,,50.0,40.7,50.0,2.21,0.87,,,,,COOL,COOL,COOL,Red,Red,Red,39,42,42,SOG,42,,,
2026-01-05,ANA@WSH,Ian Moore,ANA,D,WSH,Logan Thompson,0.9145299145299145,2.373216556010736,12.4,35.8,37.0,,,,,,,,,0.9498680738786279,,,2.691292875989446,,,,50.0,53.8,50.0,2.21,0.73,,,,,COOL,COOL,COOL,Red,Red,Red,42,38,38,POINTS,42,,,
2026-01-05,DET@OTT,Michael Brandsegg-Nygrd,DET,R,OTT,Linus Ullmark,0.8806404657933042,2.95344718912267,75.3,28.6,19.1,,,,,,,,,0.01020408163265306,,,0.01020408163265306,,,,50.0,30.2,50.0,2.66,1.54,,,,,COOL,COOL,COOL,Red,Red,Red,30,41,40,SOG,41,,,
2026-01-05,ANA@WSH,Declan Chisholm,WSH,D,ANA,Lukas Dostal,0.8865248226950354,3.224325746464997,74.8,10.9,31.4,,,,,,,,,0.8703360464179225,,,2.3208961237811265,,,,50.0,49.0,50.0,2.21,0.21,,,,,COOL,COOL,COOL,Red,Red,Red,41,31,29,POINTS,41,,,
2026-01-05,DET@OTT,Nikolas Matinpalo,OTT,D,DET,John Gibson,0.8950617283950617,2.93398533007335,54.9,19.9,37.0,,,,,,,,,0.4706497581383187,,,1.8825990325532749,,,,50.0,41.2,50.0,1.72,0.29,,,,,COOL,COOL,COOL,Red,Red,Red,41,34,32,POINTS,41,,,
2026-01-05,UTA@NYR,Brett Berard,NYR,L,UTA,Karel Vejmelka,0.8937823834196891,2.7237246380823206,50.8,31.9,7.3,,,,,,,,,0.0,,,0.015635179153094463,,,,50.0,28.2,50.0,1.42,1.42,,,,,COOL,COOL,COOL,Red,Red,Red,22,40,39,SOG,40,,,
2026-01-05,UTA@NYR,Matt Rempe,NYR,C,UTA,Karel Vejmelka,0.8937823834196891,2.7237246380823206,50.8,31.6,7.3,,,,,,,,,0.006779661016949152,,,0.03389830508474576,,,,50.0,31.3,50.0,0.94,0.94,,,,,COOL,COOL,COOL,Red,Red,Red,23,40,39,SOG,40,,,
2026-01-05,DET@OTT,John Leonard,DET,L,OTT,Linus Ullmark,0.8806404657933042,2.95344718912267,75.3,25.8,26.3,,,,,,,,,0.025817555938037865,,,0.025817555938037865,,,,50.0,32.2,50.0,4.54,1.69,,,,,COOL,COOL,COOL,Red,Red,Red,35,39,38,SOG,39,,,
2026-01-05,UTA@NYR,Gabe Perreault,NYR,R,UTA,Karel Vejmelka,0.8937823834196891,2.7237246380823206,50.8,27.2,37.0,,,,,,,,,0.023121387283236993,,,0.038535645472061654,,,,50.0,32.9,50.0,5.27,1.27,,,,,COOL,COOL,COOL,Red,Red,Red,39,38,36,POINTS,39,,,
2026-01-05,UTA@NYR,Urho Vaakanainen,NYR,D,UTA,Karel Vejmelka,0.8937823834196891,2.7237246380823206,50.8,17.3,31.4,,,,,,,,,0.7112281857095818,,,2.3707606190319392,,,,50.0,47.1,50.0,1.92,0.34,,,,,COOL,COOL,COOL,Red,Red,Red,39,32,30,POINTS,39,,,
2026-01-05,SEA@CGY,Brayden Pachal,CGY,D,SEA,Joey Daccord,0.9019033674963397,2.7729237560930744,41.0,18.4,31.4,,,,,,,,,0.6797155264648499,,,2.03914657939455,,,,50.0,44.3,50.0,1.76,0.33,,,,,COOL,COOL,COOL,Red,Red,Red,38,32,30,POINTS,38,,,
2026-01-05,MIN@LAK,Zach Bogosian,MIN,D,LAK,Darcy Kuemper,0.9107981220657277,2.3303087772692685,16.3,18.8,31.4,,,,,,,,,0.7556675062972292,,,2.8337531486146097,,,,50.0,51.3,50.0,1.61,0.31,,,,,COOL,COOL,COOL,Red,Red,Red,38,29,28,POINTS,38,,,
2026-01-05,MIN@LAK,Ben Jones,MIN,C,LAK,Darcy Kuemper,0.9107981220657277,2.3303087772692685,16.3,34.3,7.3,,,,,,,,,0.0,,,0.3561183104164606,,,,50.0,30.6,50.0,0.95,0.95,,,,,COOL,COOL,COOL,Red,Red,Red,21,38,37,SOG,38,,,
2026-01-05,DET@OTT,Jacob Bernard-Docker,DET,D,OTT,Linus Ullmark,0.8806404657933042,2.95344718912267,75.3,21.1,19.1,,,,,,,,,0.1781208252931572,,,1.7812082529315718,,,,50.0,38.8,50.0,0.7,0.33,,,,,COOL,COOL,COOL,Red,Red,Red,32,37,35,SOG,37,,,
2026-01-05,UTA@NYR,Scott Morrow,NYR,D,UTA,Karel Vejmelka,0.8937823834196891,2.7237246380823206,50.8,15.8,31.4,,,,,,,,,0.2744111593871484,,,1.372055796935742,,,,50.0,36.4,50.0,2.2,0.32,,,,,COOL,COOL,COOL,Red,Red,Red,37,31,30,POINTS,37,,,
2026-01-05,ANA@WSH,Jansen Harkins,ANA,C,WSH,Logan Thompson,0.9145299145299145,2.373216556010736,12.4,33.8,7.3,,,,,,,,,1.0648787221455334,,,1.4198382961940446,,,,50.0,46.8,50.0,0.98,0.98,,,,,COOL,COOL,COOL,Red,Red,Red,24,37,37,SOG,37,,,
2026-01-05,UTA@NYR,Will Borgen,NYR,D,UTA,Karel Vejmelka,0.8937823834196891,2.7237246380823206,50.8,25.0,26.3,,,,,,,,,0.4160887656033287,,,1.7683772538141471,,,,50.0,39.4,50.0,0.88,0.32,,,,,COOL,COOL,COOL,Red,Red,Red,35,36,35,SOG,36,,,
2026-01-05,SEA@CGY,Jacob Melanson,SEA,R,CGY,Dustin Wolf,0.900355871886121,2.8630941109638326,45.7,25.3,31.4,,,,,,,,,0.03397508493771234,,,0.022650056625141562,,,,50.0,32.4,50.0,4.16,1.16,,,,,COOL,COOL,COOL,Red,Red,Red,36,36,35,POINTS,36,,,
2026-01-05,SEA@CGY,Joshua Mahura,SEA,D,CGY,Dustin Wolf,0.900355871886121,2.8630941109638326,45.7,18.0,26.3,,,,,,,,,0.4436229205175601,,,2.8835489833641406,,,,50.0,48.5,50.0,1.34,0.34,,,,,COOL,COOL,COOL,Red,Red,Red,36,32,30,POINTS,36,,,
2026-01-05,UTA@NYR,Brandon Tanev,UTA,L,NYR,Igor Shesterkin,0.9123931623931624,2.46864024084295,18.0,31.0,19.1,,,,,,,,,0.21931160523911056,,,0.8772464209564422,,,,50.0,35.2,50.0,0.9,0.56,,,,,COOL,COOL,COOL,Red,Red,Red,28,36,35,SOG,36,,,
2026-01-05,MIN@LAK,Tyler Pitlick,MIN,C,LAK,Darcy Kuemper,0.9107981220657277,2.3303087772692685,16.3,30.6,7.3,,,,,,,,,0.33729972828633,,,0.67459945657266,,,,50.0,35.6,50.0,0.69,0.69,,,,,COOL,COOL,COOL,Red,Red,Red,22,36,35,SOG,36,,,
2026-01-05,DET@OTT,Travis Hamonic,DET,D,OTT,Linus Ullmark,0.8806404657933042,2.95344718912267,75.3,17.6,19.1,,,,,,,,,0.2508710801393728,,,1.254355400696864,,,,50.0,35.9,50.0,0.87,0.35,,,,,COOL,COOL,COOL,Red,Red,Red,31,35,33,SOG,35,,,
2026-01-05,ANA@WSH,Pierre-Luc Dubois,WSH,L,ANA,Lukas Dostal,0.8865248226950354,3.224325746464997,74.8,19.1,7.3,,,,,,,,,0.0,,,0.04034065441506051,,,,50.0,29.8,50.0,1.23,1.23,,,,,COOL,COOL,COOL,Red,Red,Red,24,35,34,SOG,35,,,
2026-01-05,UTA@NYR,Juuso Parssinen,NYR,C,UTA,Karel Vejmelka,0.8937823834196891,2.7237246380823206,50.8,21.7,19.1,,,,,,,,,0.02418054809242343,,,0.04836109618484686,,,,50.0,33.3,50.0,1.36,0.65,,,,,COOL,COOL,COOL,Red,Red,Red,30,34,33,SOG,34,,,
2026-01-05,SEA@CGY,Rory Kerins,CGY,C,SEA,Joey Daccord,0.9019033674963397,2.7729237560930744,41.0,22.2,7.3,,,,,,,,,0.0,,,0.0,,,,50.0,27.5,50.0,4.8,4.8,,,,,COOL,COOL,COOL,Red,Red,Red,22,34,32,SOG,34,,,
2026-01-05,SEA@CGY,Justin Kirkland,CGY,C,SEA,Joey Daccord,0.9019033674963397,2.7729237560930744,41.0,21.7,19.1,,,,,,,,,0.013181019332161687,,,0.026362038664323375,,,,50.0,31.3,50.0,1.91,0.91,,,,,COOL,COOL,COOL,Red,Red,Red,29,34,32,SOG,34,,,
2026-01-05,SEA@CGY,Sam Morton,CGY,C,SEA,Joey Daccord,0.9019033674963397,2.7729237560930744,41.0,22.6,7.3,,,,,,,,,0.0,,,0.0,,,,50.0,27.5,50.0,3.3,3.3,,,,,COOL,COOL,COOL,Red,Red,Red,22,34,33,SOG,34,,,
2026-01-05,DET@OTT,Olle Lycksell,OTT,R,DET,John Gibson,0.8950617283950617,2.93398533007335,54.9,18.0,19.1,,,,,,,,,0.02896451846488052,,,0.04344677769732078,,,,50.0,33.4,50.0,2.4,0.97,,,,,COOL,COOL,COOL,Red,Red,Red,30,33,31,SOG,33,,,
2026-01-05,UTA@NYR,Brennan Othmann,NYR,L,UTA,Karel Vejmelka,0.8937823834196891,2.7237246380823206,50.8,19.4,7.3,,,,,,,,,0.0,,,0.020401224073444406,,,,50.0,28.5,50.0,1.28,1.28,,,,,COOL,COOL,COOL,Red,Red,Red,22,33,32,SOG,33,,,
2026-01-05,DET@OTT,Hayden Hodgson,OTT,R,DET,John Gibson,0.8950617283950617,2.93398533007335,54.9,15.6,7.3,,,,,,,,,0.0,,,0.035211267605633804,,,,50.0,29.6,50.0,0.57,0.57,,,,,COOL,COOL,COOL,Red,Red,Red,23,32,30,SOG,32,,,
2026-01-05,UTA@NYR,Nick DeSimone,UTA,D,NYR,Igor Shesterkin,0.9123931623931624,2.46864024084295,18.0,23.6,19.1,,,,,,,,,0.7211538461538461,,,2.4038461538461537,,,,50.0,47.6,50.0,1.2,0.61,,,,,COOL,COOL,COOL,Red,Red,Red,31,32,31,SOG,32,,,
2026-01-05,ANA@WSH,Ivan Miroshnichenko,WSH,L,ANA,Lukas Dostal,0.8865248226950354,3.224325746464997,74.8,11.2,7.3,,,,,,,,,0.0,,,0.0,,,,50.0,27.5,50.0,1.65,1.65,,,,,COOL,COOL,COOL,Red,Red,Red,23,31,29,SOG,31,,,
2026-01-05,UTA@NYR,Jaroslav Chmelar,NYR,R,UTA,Karel Vejmelka,0.8937823834196891,2.7237246380823206,50.8,14.9,7.3,,,,,,,,,0.0,,,0.0,,,,50.0,27.5,50.0,0.78,0.78,,,,,COOL,COOL,COOL,Red,Red,Red,22,31,29,SOG,31,,,
2026-01-05,SEA@CGY,Zayne Parekh,CGY,D,SEA,Joey Daccord,0.9019033674963397,2.7729237560930744,41.0,16.9,19.1,,,,,,,,,0.0,,,0.03167062549485352,,,,50.0,29.3,50.0,1.46,0.55,,,,,COOL,COOL,COOL,Red,Red,Red,28,31,29,SOG,31,,,
2026-01-05,UTA@NYR,Dmitri Simashev,UTA,D,NYR,Igor Shesterkin,0.9123931623931624,2.46864024084295,18.0,22.1,19.1,,,,,,,,,0.16787129867101888,,,1.1750990906971321,,,,50.0,35.3,50.0,0.8,0.39,,,,,COOL,COOL,COOL,Red,Red,Red,28,31,30,SOG,31,,,
2026-01-05,MIN@LAK,Daemon Hunt,MIN,D,LAK,Darcy Kuemper,0.9107981220657277,2.3303087772692685,16.3,7.6,26.3,,,,,,,,,0.007265681763138775,,,0.021797045289416325,,,,50.0,30.5,50.0,1.82,0.16,,,,,COOL,COOL,COOL,Red,Red,Red,31,23,21,POINTS,31,,,
2026-01-05,DET@OTT,Xavier Bourgault,OTT,R,DET,John Gibson,0.8950617283950617,2.93398533007335,54.9,13.0,7.3,,,,,,,,,0.0,,,0.1488833746898263,,,,50.0,30.5,50.0,4.0,4.0,,,,,COOL,COOL,COOL,Red,Red,Red,23,30,28,SOG,30,,,
2026-01-05,DET@OTT,Arthur Kaliyev,OTT,R,DET,John Gibson,0.8950617283950617,2.93398533007335,54.9,12.6,19.1,,,,,,,,,0.0,,,0.0,,,,50.0,27.5,50.0,6.95,1.95,,,,,COOL,COOL,COOL,Red,Red,Red,29,30,28,SOG,30,,,
2026-01-05,SEA@CGY,Oscar Fisker Molgaard,SEA,C,CGY,Dustin Wolf,0.900355871886121,2.8630941109638326,45.7,4.2,19.1,,,,,,,,,0.08333333333333333,,,0.08333333333333333,,,,50.0,34.1,50.0,5.35,0.35,,,,,COOL,COOL,COOL,Red,Red,Red,30,24,22,POINTS,30,,,
2026-01-05,SEA@CGY,Jake Bean,CGY,D,SEA,Joey Daccord,0.9019033674963397,2.7729237560930744,41.0,15.4,19.1,,,,,,,,,0.4951856946354883,,,1.7331499312242091,,,,50.0,39.7,50.0,0.93,0.31,,,,,COOL,COOL,COOL,Red,Red,Red,30,30,28,POINTS,30,,,
2026-01-05,ANA@WSH,Bogdan Trineyev,WSH,R,ANA,Lukas Dostal,0.8865248226950354,3.224325746464997,74.8,6.4,7.3,,,,,,,,,0.0,,,0.0,,,,50.0,27.5,50.0,0.7,0.7,,,,,COOL,COOL,COOL,Red,Red,Red,23,29,26,SOG,29,,,
2026-01-05,ANA@WSH,Dylan McIlrath,WSH,D,ANA,Lukas Dostal,0.8865248226950354,3.224325746464997,74.8,7.6,7.3,,,,,,,,,0.0,,,0.018242626938279112,,,,50.0,28.4,50.0,0.38,0.38,,,,,COOL,COOL,COOL,Red,Red,Red,23,29,27,SOG,29,,,
2026-01-05,DET@OTT,Kurtis MacDermid,OTT,L,DET,John Gibson,0.8950617283950617,2.93398533007335,54.9,3.4,19.1,,,,,,,,,0.015710919088766692,,,0.015710919088766692,,,,50.0,31.1,50.0,0.66,0.03,,,,,COOL,COOL,COOL,Red,Red,Red,29,25,23,POINTS,29,,,
2026-01-05,SEA@CGY,Cale Fleury,SEA,D,CGY,Dustin Wolf,0.900355871886121,2.8630941109638326,45.7,13.0,19.1,,,,,,,,,0.014423076923076924,,,0.036057692307692304,,,,50.0,32.2,50.0,1.56,0.44,,,,,COOL,COOL,COOL,Red,Red,Red,29,29,27,POINTS,29,,,
2026-01-05,SEA@CGY,Matvei Gridin,CGY,R,SEA,Joey Daccord,0.9019033674963397,2.7729237560930744,41.0,13.4,7.3,,,,,,,,,0.01913265306122449,,,0.05739795918367347,,,,50.0,33.1,50.0,1.02,1.02,,,,,COOL,COOL,COOL,Red,Red,Red,23,29,27,SOG,29,,,
2026-01-05,SEA@CGY,Dryden Hunt,CGY,L,SEA,Joey Daccord,0.9019033674963397,2.7729237560930744,41.0,13.0,7.3,,,,,,,,,0.0,,,0.0,,,,50.0,27.5,50.0,2.0,2.0,,,,,COOL,COOL,COOL,Red,Red,Red,22,29,27,SOG,29,,,
2026-01-05,UTA@NYR,Olli Mtt,UTA,D,NYR,Igor Shesterkin,0.9123931623931624,2.46864024084295,18.0,11.9,19.1,,,,,,,,,0.26825633383010433,,,1.8777943368107302,,,,50.0,40.2,50.0,0.72,0.19,,,,,COOL,COOL,COOL,Red,Red,Red,29,26,24,POINTS,29,,,
2026-01-05,MIN@LAK,Nicolas Aube-Kubel,MIN,R,LAK,Darcy Kuemper,0.9107981220657277,2.3303087772692685,16.3,17.3,19.1,,,,,,,,,0.0,,,0.0,,,,50.0,27.5,50.0,4.1,1.6,,,,,COOL,COOL,COOL,Red,Red,Red,27,29,27,SOG,29,,,
2026-01-05,UTA@NYR,Alexander Kerfoot,UTA,C,NYR,Igor Shesterkin,0.9123931623931624,2.46864024084295,18.0,15.5,7.3,,,,,,,,,0.018214936247723135,,,0.018214936247723135,,,,50.0,31.3,50.0,0.83,0.83,,,,,COOL,COOL,COOL,Red,Red,Red,21,28,26,SOG,28,,,
2026-01-05,UTA@NYR,Maveric Lamoureux,UTA,D,NYR,Igor Shesterkin,0.9123931623931624,2.46864024084295,18.0,6.4,19.1,,,,,,,,,0.01366120218579235,,,0.06830601092896176,,,,50.0,32.6,50.0,2.28,0.28,,,,,COOL,COOL,COOL,Red,Red,Red,28,23,21,POINTS,28,,,
2026-01-05,DET@OTT,Erik Gustafsson,DET,D,OTT,Linus Ullmark,0.8806404657933042,2.95344718912267,75.3,2.8,7.3,,,,,,,,,0.0,,,0.0,,,,50.0,27.5,50.0,0.3,0.3,,,,,COOL,COOL,COOL,Red,Red,Red,23,27,24,SOG,27,,,
2026-01-05,SEA@CGY,Hunter Brzustewicz,CGY,D,SEA,Joey Daccord,0.9019033674963397,2.7729237560930744,41.0,9.7,7.3,,,,,,,,,0.0,,,0.03236682400539447,,,,50.0,29.4,50.0,0.28,0.28,,,,,COOL,COOL,COOL,Red,Red,Red,22,27,25,SOG,27,,,
2026-01-05,MIN@LAK,Matt Kiersted,MIN,D,LAK,Darcy Kuemper,0.9107981220657277,2.3303087772692685,16.3,3.1,19.1,,,,,,,,,0.0,,,0.0,,,,50.0,27.5,50.0,3.47,0.13,,,,,COOL,COOL,COOL,Red,Red,Red,27,21,19,POINTS,27,,,
2026-01-05,SEA@CGY,John Hayden,SEA,C,CGY,Dustin Wolf,0.900355871886121,2.8630941109638326,45.7,7.2,7.3,,,,,,,,,0.0,,,0.0,,,,50.0,27.5,50.0,0.6,0.6,,,,,COOL,COOL,COOL,Red,Red,Red,22,26,24,SOG,26,,,
2026-01-05,MIN@LAK,David Jiricek,MIN,D,LAK,Darcy Kuemper,0.9107981220657277,2.3303087772692685,16.3,11.7,7.3,,,,,,,,,0.0,,,2.307507411265123,,,,50.0,38.5,50.0,0.19,0.19,,,,,COOL,COOL,COOL,Red,Red,Red,23,26,24,SOG,26,,,
2026-01-05,ANA@WSH,Sam Colangelo,ANA,R,WSH,Logan Thompson,0.9145299145299145,2.373216556010736,12.4,12.3,7.3,,,,,,,,,0.014756517461878997,,,0.029513034923757994,,,,50.0,31.8,50.0,0.54,0.54,,,,,COOL,COOL,COOL,Red,Red,Red,21,26,24,SOG,26,,,
2026-01-05,UTA@NYR,Justin Dowling,NYR,C,UTA,Karel Vejmelka,0.8937823834196891,2.7237246380823206,50.8,1.8,7.3,,,,,,,,,0.0,,,0.0,,,,50.0,27.5,50.0,0.1,0.1,,,,,COOL,COOL,COOL,Red,Red,Red,22,24,21,SOG,24,,,
2026-01-05,DET@OTT,Dennis Gilbert,OTT,D,DET,John Gibson,0.8950617283950617,2.93398533007335,54.9,0.7,7.3,,,,,,,,,0.0,,,0.0,,,,50.0,27.5,50.0,0.0,0.0,,,,,COOL,COOL,COOL,Red,Red,Red,22,23,21,SOG,23,,,
2026-01-05,SEA@CGY,Daniil Miromanov,CGY,D,SEA,Joey Daccord,0.9019033674963397,2.7729237560930744,41.0,1.8,7.3,,,,,,,,,0.0,,,0.12295081967213115,,,,50.0,30.5,50.0,0.1,0.1,,,,,COOL,COOL,COOL,Red,Red,Red,22,23,20,SOG,23,,,
2026-01-05,UTA@NYR,Kevin Rooney,UTA,C,NYR,Igor Shesterkin,0.9123931623931624,2.46864024084295,18.0,5.9,7.3,,,,,,,,,0.10273972602739725,,,0.10273972602739725,,,,50.0,34.3,50.0,1.3,1.3,,,,,COOL,COOL,COOL,Red,Red,Red,22,23,20,SOG,23,,,
2026-01-05,MIN@LAK,Samuel Helenius,LAK,C,MIN,Filip Gustavsson,0.9122085048010974,2.4518202424152133,17.8,5.9,7.3,,,,,,,,,0.01309757694826457,,,0.02619515389652914,,,,50.0,31.1,50.0,0.1,0.1,,,,,COOL,COOL,COOL,Red,Red,Red,21,23,20,SOG,23,,,
2026-01-05,MIN@LAK,Jacob Moverare,LAK,D,MIN,Filip Gustavsson,0.9122085048010974,2.4518202424152133,17.8,3.8,7.3,,,,,,,,,0.0,,,0.025756600128783,,,,50.0,28.8,50.0,0.08,0.08,,,,,COOL,COOL,COOL,Red,Red,Red,21,21,19,POINTS,21,,,
2026-01-05,MIN@LAK,Carson Lambos,MIN,D,LAK,Darcy Kuemper,0.9107981220657277,2.3303087772692685,16.3,3.8,7.3,,,,,,,,,0.0,,,0.11070110701107011,,,,50.0,30.4,50.0,0.6,0.6,,,,,COOL,COOL,COOL,Red,Red,Red,21,21,19,POINTS,21,,,
2026-01-05,UTA@NYR,Andrew Agozzino,UTA,L,NYR,Igor Shesterkin,0.9123931623931624,2.46864024084295,18.0,1.8,7.3,,,,,,,,,0.0,,,0.0,,,,50.0,27.5,50.0,0.05,0.05,,,,,COOL,COOL,COOL,Red,Red,Red,20,20,18,POINTS,20,,,
2026-01-05,MIN@LAK,Hunter Haight,MIN,C,LAK,Darcy Kuemper,0.9107981220657277,2.3303087772692685,16.3,0.7,7.3,,,,,,,,,0.0,,,0.0,,,,50.0,27.5,50.0,0.0,0.0,,,,,COOL,COOL,COOL,Red,Red,Red,20,20,17,POINTS,20,,,
